Primary_Molecule_ID,Predicted_Affinity_Baseline,Predicted_Affinity_With_Competitor,Competitive_Effect
hsa-let-7a-1,0.3146573901,0.3146570623,0.0000003278
hsa-let-7a-2,0.3351723850,0.3351577520,0.0000146329
hsa-let-7a-3,0.3378908634,0.3378762305,0.0000146329
hsa-let-7b,0.3000994027,0.3000994027,0.0000000000
hsa-let-7c,0.3460414112,0.3460267484,0.0000146627
hsa-let-7d,0.3032062352,0.3032047749,0.0000014603
hsa-let-7e,0.4297966063,0.4302018285,-0.0004052222
hsa-let-7f-1,0.3548395038,0.3548218012,0.0000177026
hsa-let-7f-2,0.3928088248,0.3930498958,-0.0002410710
hsa-mir-15a,0.3079237342,0.3081104159,-0.0001866817
hsa-mir-16-1,0.3009797037,0.3009819388,-0.0000022352
hsa-mir-17,0.3116433322,0.3116472661,-0.0000039339
hsa-mir-18a,0.2997040451,0.2997041941,-0.0000001490
hsa-mir-19a,0.2999166548,0.2999165952,0.0000000596
hsa-mir-19b-1,0.3005868495,0.3005893826,-0.0000025332
hsa-mir-19b-2,0.2992485762,0.2992766798,-0.0000281036
hsa-mir-20a,0.2992815673,0.2992818356,-0.0000002682
hsa-mir-21,0.3001422584,0.3001422584,0.0000000000
hsa-mir-22,0.3024919629,0.3024918139,0.0000001490
hsa-mir-23a,0.3252589405,0.3254846931,-0.0002257526
hsa-mir-24-1,0.3758178651,0.3760592937,-0.0002414286
hsa-mir-24-2,0.3102096021,0.3102129400,-0.0000033379
hsa-mir-25,0.3772700429,0.3772550225,0.0000150204
hsa-mir-26a-1,0.4010666311,0.4013281167,-0.0002614856
hsa-mir-26b,0.4220212400,0.4223877788,-0.0003665388
hsa-mir-27a,0.3186668158,0.3186665475,0.0000002682
hsa-mir-28,0.3022174239,0.3023279309,-0.0001105070
hsa-mir-29a,0.3119768500,0.3121794164,-0.0002025664
hsa-mir-30a,0.3374932408,0.3377202749,-0.0002270341
hsa-mir-31,0.3360281587,0.3360206485,0.0000075102
hsa-mir-32,0.3014645278,0.3014667332,-0.0000022054
hsa-mir-33a,0.3158702254,0.3158698976,0.0000003278
hsa-mir-92a-1,0.3002278805,0.3002281487,-0.0000002682
hsa-mir-92a-2,0.3448825181,0.3448678851,0.0000146329
hsa-mir-93,0.3016884029,0.3016877472,0.0000006557
hsa-mir-95,0.2998760939,0.2998762429,-0.0000001490
hsa-mir-96,0.3008345962,0.3008370101,-0.0000024140
hsa-mir-98,0.2988821268,0.2988850474,-0.0000029206
hsa-mir-99a,0.4991219342,0.4995603263,-0.0004383922
hsa-mir-100,0.2994807661,0.2994839549,-0.0000031888
hsa-mir-101-1,0.3575461805,0.3577775955,-0.0002314150
hsa-mir-29b-1,0.5319270492,0.5322907567,-0.0003637075
hsa-mir-29b-2,0.3721496165,0.3723909557,-0.0002413392
hsa-mir-103a-2,0.3013735414,0.3013757765,-0.0000022352
hsa-mir-103a-1,0.2996348143,0.2996377647,-0.0000029504
hsa-mir-105-1,0.3027117550,0.3027114868,0.0000002682
hsa-mir-105-2,0.3061001599,0.3061064780,-0.0000063181
hsa-mir-106a,0.3763753772,0.3763604462,0.0000149310
hsa-mir-107,0.3034822643,0.3034801483,0.0000021160
hsa-mir-16-2,0.3607545197,0.3609936237,-0.0002391040
hsa-mir-192,0.3318605125,0.3318529427,0.0000075698
hsa-mir-196a-1,0.4549154937,0.4553383589,-0.0004228652
hsa-mir-197,0.3528973162,0.3531286418,-0.0002313256
hsa-mir-198,0.3050035238,0.3050059080,-0.0000023842
hsa-mir-199a-1,0.3217555285,0.3217552006,0.0000003278
hsa-mir-208a,0.3007313609,0.3007339239,-0.0000025630
hsa-mir-129-1,0.3028883338,0.3028895259,-0.0000011921
hsa-mir-148a,0.3101117611,0.3103070855,-0.0001953244
hsa-mir-30c-2,0.3654299080,0.3656698465,-0.0002399385
hsa-mir-30d,0.5717502236,0.5721493959,-0.0003991723
hsa-mir-139,0.3304631710,0.3304556310,0.0000075400
hsa-mir-147a,0.6861658096,0.6861960292,-0.0000302196
hsa-mir-7-1,0.3473252654,0.3475408256,-0.0002155602
hsa-mir-7-2,0.3375088871,0.3374942839,0.0000146031
hsa-mir-7-3,0.3140716255,0.3140642047,0.0000074208
hsa-mir-10a,0.3354650736,0.3357001543,-0.0002350807
hsa-mir-10b,0.3116826713,0.3116824031,0.0000002682
hsa-mir-34a,0.3332865238,0.3335210979,-0.0002345741
hsa-mir-181a-2,0.3393780291,0.3396069109,-0.0002288818
hsa-mir-181b-1,0.3466783762,0.3469150960,-0.0002367198
hsa-mir-181c,0.3031596839,0.3031575382,0.0000021458
hsa-mir-182,0.3027618825,0.3027616143,0.0000002682
hsa-mir-183,0.3020431399,0.3020390570,0.0000040829
hsa-mir-187,0.3002229631,0.3002543151,-0.0000313520
hsa-mir-196a-2,0.3273671269,0.3273597062,0.0000074208
hsa-mir-199a-2,0.3069318831,0.3069294989,0.0000023842
hsa-mir-199b,0.2999387681,0.2999758720,-0.0000371039
hsa-mir-203a,0.3662829101,0.3662679791,0.0000149310
hsa-mir-204,0.4177959263,0.4181591868,-0.0003632605
hsa-mir-205,0.2999917865,0.2999919951,-0.0000002086
hsa-mir-210,0.3016023636,0.3016734719,-0.0000711083
hsa-mir-211,0.3651432097,0.3653757870,-0.0002325773
hsa-mir-212,0.3703059852,0.3702982366,0.0000077486
hsa-mir-181a-1,0.4584266245,0.4588741362,-0.0004475117
hsa-mir-214,0.3486530781,0.3486382961,0.0000147820
hsa-mir-215,0.3328773081,0.3328509033,0.0000264049
hsa-mir-216a,0.3775792420,0.3778208792,-0.0002416372
hsa-mir-217,0.3143592775,0.3143519461,0.0000073314
hsa-mir-218-1,0.3202400804,0.3202326596,0.0000074208
hsa-mir-218-2,0.3275586367,0.3275511265,0.0000075102
hsa-mir-219a-1,0.3810903728,0.3810752332,0.0000151396
hsa-mir-221,0.3326584101,0.3326438963,0.0000145137
hsa-mir-222,0.4020966589,0.4020814002,0.0000152588
hsa-mir-223,0.3409540653,0.3409394026,0.0000146627
hsa-mir-224,0.3035510778,0.3035472035,0.0000038743
hsa-mir-200b,0.3025109768,0.3025108278,0.0000001490
hsa-let-7g,0.3014183044,0.3014198840,-0.0000015795
hsa-let-7i,0.3350673616,0.3350598514,0.0000075102
hsa-mir-1-2,0.3023508787,0.3023473322,0.0000035465
hsa-mir-15b,0.3340227604,0.3339962363,0.0000265241
hsa-mir-23b,0.3322184682,0.3324457109,-0.0002272427
hsa-mir-27b,0.3340978026,0.3340832591,0.0000145435
hsa-mir-30b,0.2999575138,0.2999577820,-0.0000002682
hsa-mir-122,0.3254506886,0.3256654143,-0.0002147257
hsa-mir-124-1,0.3000456691,0.3000456691,0.0000000000
hsa-mir-124-2,0.3273701966,0.3273627162,0.0000074804
hsa-mir-124-3,0.3006163836,0.3006549478,-0.0000385642
hsa-mir-125b-1,0.3009466231,0.3009931743,-0.0000465512
hsa-mir-128-1,0.4170188308,0.4170036018,0.0000152290
hsa-mir-130a,0.5071597695,0.5075957179,-0.0004359484
hsa-mir-132,0.3348808587,0.3348733485,0.0000075102
hsa-mir-133a-1,0.3006609678,0.3006635010,-0.0000025332
hsa-mir-133a-2,0.3200402856,0.3200328648,0.0000074208
hsa-mir-135a-1,0.5990381241,0.5993771553,-0.0003390312
hsa-mir-135a-2,0.3986483216,0.3989066780,-0.0002583563
hsa-mir-137,0.3118683696,0.3118679821,0.0000003874
hsa-mir-138-2,0.3047368228,0.3049035966,-0.0001667738
hsa-mir-140,0.3814787567,0.3817208707,-0.0002421141
hsa-mir-141,0.3138294816,0.3140325248,-0.0002030432
hsa-mir-142,0.3222678900,0.3222573400,0.0000105500
hsa-mir-143,0.3305924833,0.3308194876,-0.0002270043
hsa-mir-144,0.2992854714,0.2993053198,-0.0000198483
hsa-mir-145,0.3032893538,0.3034397066,-0.0001503527
hsa-mir-152,0.3051320612,0.3051393032,-0.0000072420
hsa-mir-153-1,0.3258497417,0.3260755539,-0.0002258122
hsa-mir-153-2,0.3025392890,0.3025357425,0.0000035465
hsa-mir-191,0.3209833801,0.3209759593,0.0000074208
hsa-mir-9-1,0.2991032898,0.2991060913,-0.0000028014
hsa-mir-9-2,0.3005679548,0.3005645573,0.0000033975
hsa-mir-9-3,0.2993595600,0.2993628979,-0.0000033379
hsa-mir-125a,0.5099748969,0.5104658604,-0.0004909635
hsa-mir-125b-2,0.7350131273,0.7349923849,0.0000207424
hsa-mir-126,0.3109142482,0.3111109734,-0.0001967251
hsa-mir-127,0.3047571480,0.3047569692,0.0000001788
hsa-mir-129-2,0.3417028487,0.3419321477,-0.0002292991
hsa-mir-134,0.3790000379,0.3792418242,-0.0002417862
hsa-mir-136,0.3287890851,0.3290135264,-0.0002244413
hsa-mir-138-1,0.3003374934,0.3003839552,-0.0000464618
hsa-mir-146a,0.3188808560,0.3190941513,-0.0002132952
hsa-mir-149,0.3943113983,0.3945650756,-0.0002536774
hsa-mir-150,0.5795694590,0.5799887180,-0.0004192591
hsa-mir-154,0.3328523934,0.3328378797,0.0000145137
hsa-mir-184,0.3389230371,0.3391495943,-0.0002265573
hsa-mir-185,0.3524813056,0.3524736762,0.0000076294
hsa-mir-186,0.5548367500,0.5552008748,-0.0003641248
hsa-mir-188,0.4714083970,0.4718371928,-0.0004287958
hsa-mir-190a,0.2993349135,0.2993595600,-0.0000246465
hsa-mir-193a,0.3519803286,0.3519655466,0.0000147820
hsa-mir-194-1,0.3286172748,0.3286027908,0.0000144839
hsa-mir-195,0.2998815775,0.2998817265,-0.0000001490
hsa-mir-206,0.2998780012,0.2998779416,0.0000000596
hsa-mir-320a,0.3083269000,0.3083402812,-0.0000133812
hsa-mir-200c,0.3005733192,0.3005735874,-0.0000002682
hsa-mir-1-1,0.3717094660,0.3719503880,-0.0002409220
hsa-mir-155,0.3152692020,0.3154726028,-0.0002034009
hsa-mir-181b-2,0.3435341418,0.3437709212,-0.0002367795
hsa-mir-128-2,0.3878301680,0.3878150880,0.0000150800
hsa-mir-194-2,0.3245494068,0.3247736990,-0.0002242923
hsa-mir-106b,0.3106712103,0.3106712103,0.0000000000
hsa-mir-29c,0.3005918860,0.3006384671,-0.0000465810
hsa-mir-30c-1,0.3087906241,0.3087935448,-0.0000029206
hsa-mir-200a,0.3004692793,0.3004717529,-0.0000024736
hsa-mir-302a,0.3009107709,0.3009825051,-0.0000717342
hsa-mir-101-2,0.3001686335,0.3001689017,-0.0000002682
hsa-mir-219a-2,0.3412907720,0.3415200710,-0.0002292991
hsa-mir-34b,0.2993663549,0.2993664742,-0.0000001192
hsa-mir-34c,0.3631500006,0.3633895516,-0.0002395511
hsa-mir-299,0.2995060980,0.2995257974,-0.0000196993
hsa-mir-301a,0.2995586693,0.2995904982,-0.0000318289
hsa-mir-99b,0.3031653464,0.3031665087,-0.0000011623
hsa-mir-296,0.5174360871,0.5178754330,-0.0004393458
hsa-mir-130b,0.3070329130,0.3072195053,-0.0001865923
hsa-mir-30e,0.3265988231,0.3268249035,-0.0002260804
hsa-mir-26a-2,0.3059376776,0.3059405684,-0.0000028908
hsa-mir-361,0.3605333865,0.3607653379,-0.0002319515
hsa-mir-362,0.3002502918,0.3002867401,-0.0000364482
hsa-mir-363,0.3010876179,0.3010898530,-0.0000022352
hsa-mir-365a,0.3456041813,0.3458414972,-0.0002373159
hsa-mir-365b,0.3027223051,0.3028747141,-0.0001524091
hsa-mir-302b,0.3805392385,0.3807812929,-0.0002420545
hsa-mir-302c,0.3018065989,0.3018081188,-0.0000015199
hsa-mir-302d,0.2993728817,0.2993893027,-0.0000164211
hsa-mir-367,0.4059706628,0.4062628448,-0.0002921820
hsa-mir-376c,0.3025560677,0.3027062416,-0.0001501739
hsa-mir-369,0.2994942069,0.2994973361,-0.0000031292
hsa-mir-370,0.3304064274,0.3306320608,-0.0002256334
hsa-mir-371a,0.3027764857,0.3027763069,0.0000001788
hsa-mir-372,0.3081904948,0.3081955910,-0.0000050962
hsa-mir-373,0.3020093143,0.3020108938,-0.0000015795
hsa-mir-374a,0.2999600768,0.2999599278,0.0000001490
hsa-mir-375,0.6669739485,0.6669850349,-0.0000110865
hsa-mir-376a-1,0.3838712275,0.3841136694,-0.0002424419
hsa-mir-377,0.3580906987,0.3580758572,0.0000148416
hsa-mir-378a,0.3717779517,0.3720168471,-0.0002388954
hsa-mir-379,0.3096492290,0.3096505404,-0.0000013113
hsa-mir-380,0.3288607895,0.3288532794,0.0000075102
hsa-mir-381,0.3766558170,0.3768899739,-0.0002341568
hsa-mir-382,0.3087432086,0.3087430894,0.0000001192
hsa-mir-383,0.3514089584,0.3516419232,-0.0002329648
hsa-mir-340,0.3373108506,0.3372962475,0.0000146031
hsa-mir-330,0.3684089184,0.3686493039,-0.0002403855
hsa-mir-328,0.3396025300,0.3395949602,0.0000075698
hsa-mir-342,0.3838649392,0.3841073811,-0.0002424419
hsa-mir-337,0.3727795780,0.3727645874,0.0000149906
hsa-mir-323a,0.3778651357,0.3778500259,0.0000151098
hsa-mir-326,0.3285909593,0.3288161457,-0.0002251863
hsa-mir-151a,0.3003366292,0.3003732264,-0.0000365973
hsa-mir-135b,0.3921107054,0.3923466504,-0.0002359450
hsa-mir-148b,0.3017569482,0.3018860519,-0.0001291037
hsa-mir-331,0.3956527710,0.3959110677,-0.0002582967
hsa-mir-324,0.3848463893,0.3850816190,-0.0002352297
hsa-mir-338,0.3580949605,0.3580801189,0.0000148416
hsa-mir-339,0.4289397895,0.4293426573,-0.0004028678
hsa-mir-335,0.3542403281,0.3542134464,0.0000268817
hsa-mir-133b,0.3018103242,0.3018098176,0.0000005066
hsa-mir-325,0.3049578369,0.3049471080,0.0000107288
hsa-mir-345,0.5675673485,0.5679476261,-0.0003802776
hsa-mir-346,0.3293480575,0.3293405175,0.0000075400
hsa-mir-384,0.2988967896,0.2988996506,-0.0000028610
hsa-mir-196b,0.3313328326,0.3313252628,0.0000075698
hsa-mir-422a,0.3960452080,0.3960299790,0.0000152290
hsa-mir-423,0.3107112348,0.3109079599,-0.0001967251
hsa-mir-424,0.3277068436,0.3276993334,0.0000075102
hsa-mir-425,0.2999866903,0.2999888062,-0.0000021160
hsa-mir-18b,0.3001167774,0.3001171649,-0.0000003874
hsa-mir-20b,0.3579075933,0.3578926921,0.0000149012
hsa-mir-448,0.3018810749,0.3018771410,0.0000039339
hsa-mir-429,0.3339641392,0.3341918588,-0.0002277195
hsa-mir-449a,0.3031291664,0.3031272590,0.0000019073
hsa-mir-450a-1,0.2994485497,0.2994439006,0.0000046492
hsa-mir-431,0.3444928825,0.3444661498,0.0000267327
hsa-mir-433,0.3606211245,0.3608603477,-0.0002392232
hsa-mir-329-1,0.3279154003,0.3279009461,0.0000144541
hsa-mir-329-2,0.3752849996,0.3752699494,0.0000150502
hsa-mir-451a,0.4074314535,0.4077125192,-0.0002810657
hsa-mir-452,0.3377419114,0.3379704058,-0.0002284944
hsa-mir-409,0.3148532808,0.3148530126,0.0000002682
hsa-mir-412,0.3495477438,0.3495329320,0.0000148118
hsa-mir-410,0.3499829471,0.3499662280,0.0000167191
hsa-mir-376b,0.3193529248,0.3193386197,0.0000143051
hsa-mir-483,0.3244011700,0.3246266842,-0.0002255142
hsa-mir-484,0.3411176801,0.3413454592,-0.0002277792
hsa-mir-485,0.3469968140,0.3469821513,0.0000146627
hsa-mir-486-1,0.3359496891,0.3361764848,-0.0002267957
hsa-mir-487a,0.2994047701,0.2994188070,-0.0000140369
hsa-mir-488,0.2997238338,0.2997237742,0.0000000596
hsa-mir-489,0.2993927598,0.2993994951,-0.0000067353
hsa-mir-490,0.3001327217,0.3001325727,0.0000001490
hsa-mir-491,0.3003928363,0.3003953099,-0.0000024736
hsa-mir-511,0.3057878017,0.3057892025,-0.0000014007
hsa-mir-146b,0.3924165368,0.3926598728,-0.0002433360
hsa-mir-202,0.4521817267,0.4526158273,-0.0004341006
hsa-mir-492,0.3916619122,0.3919035196,-0.0002416074
hsa-mir-493,0.3008741438,0.3008729815,0.0000011623
hsa-mir-432,0.3139244616,0.3139243126,0.0000001490
hsa-mir-494,0.3000803292,0.3000805974,-0.0000002682
hsa-mir-495,0.3002321124,0.3002323806,-0.0000002682
hsa-mir-496,0.3677318096,0.3677046299,0.0000271797
hsa-mir-193b,0.4598345459,0.4602803290,-0.0004457831
hsa-mir-497,0.4135556519,0.4139141142,-0.0003584623
hsa-mir-181d,0.4093028009,0.4096411765,-0.0003383756
hsa-mir-512-1,0.3038172722,0.3038184643,-0.0000011921
hsa-mir-512-2,0.3035037816,0.3035048544,-0.0000010729
hsa-mir-498,0.3415873945,0.3418167233,-0.0002293289
hsa-mir-520e,0.3010226786,0.3010248244,-0.0000021458
hsa-mir-515-1,0.3334766924,0.3337042630,-0.0002275705
hsa-mir-519e,0.3036442995,0.3036404252,0.0000038743
hsa-mir-520f,0.3218060434,0.3220201135,-0.0002140701
hsa-mir-515-2,0.3334766924,0.3337042630,-0.0002275705
hsa-mir-519c,0.3533509672,0.3535896540,-0.0002386868
hsa-mir-520a,0.3024595678,0.3024560213,0.0000035465
hsa-mir-526b,0.3142994046,0.3142992854,0.0000001192
hsa-mir-519b,0.3003798127,0.3003800809,-0.0000002682
hsa-mir-525,0.3051778972,0.3053437471,-0.0001658499
hsa-mir-523,0.3784313500,0.3786730766,-0.0002417266
hsa-mir-518f,0.3762557507,0.3764972389,-0.0002414882
hsa-mir-520b,0.3084836900,0.3086786270,-0.0001949370
hsa-mir-518b,0.2997631133,0.2997631133,0.0000000000
hsa-mir-526a-1,0.3003819287,0.3003844023,-0.0000024736
hsa-mir-520c,0.3025009930,0.3026464283,-0.0001454353
hsa-mir-518c,0.3220410943,0.3220336437,0.0000074506
hsa-mir-524,0.3088862896,0.3090825677,-0.0001962781
hsa-mir-517a,0.2998941243,0.2998943925,-0.0000002682
hsa-mir-519d,0.3513380885,0.3515701890,-0.0002321005
hsa-mir-521-2,0.3140710294,0.3142741323,-0.0002031028
hsa-mir-520d,0.3350732923,0.3353012502,-0.0002279580
hsa-mir-517b,0.3005174994,0.3005177677,-0.0000002682
hsa-mir-520g,0.2996232808,0.2996234000,-0.0000001192
hsa-mir-516b-2,0.3181525469,0.3181522191,0.0000003278
hsa-mir-526a-2,0.5554757118,0.5558537245,-0.0003780127
hsa-mir-518e,0.3690727055,0.3693131804,-0.0002404749
hsa-mir-518a-1,0.3484437764,0.3486736417,-0.0002298653
hsa-mir-518d,0.2996357977,0.2996357381,0.0000000596
hsa-mir-516b-1,0.3013302088,0.3013323247,-0.0000021160
hsa-mir-518a-2,0.3202577531,0.3204714358,-0.0002136827
hsa-mir-517c,0.3330139220,0.3329994082,0.0000145137
hsa-mir-520h,0.2993889153,0.2993920445,-0.0000031292
hsa-mir-521-1,0.3622722626,0.3625116646,-0.0002394021
hsa-mir-522,0.3058701456,0.3060370982,-0.0001669526
hsa-mir-519a-1,0.3034081757,0.3034043610,0.0000038147
hsa-mir-527,0.3038516939,0.3040173948,-0.0001657009
hsa-mir-516a-1,0.3010233343,0.3010254800,-0.0000021458
hsa-mir-516a-2,0.3143080175,0.3143076897,0.0000003278
hsa-mir-519a-2,0.3043790758,0.3043813705,-0.0000022948
hsa-mir-499a,0.3145530224,0.3145631850,-0.0000101626
hsa-mir-500a,0.6337446570,0.6340727210,-0.0003280640
hsa-mir-501,0.4921175539,0.4925453067,-0.0004277527
hsa-mir-502,0.4734763205,0.4739465415,-0.0004702210
hsa-mir-450a-2,0.3707643151,0.3707492650,0.0000150502
hsa-mir-503,0.3359948695,0.3359872699,0.0000075996
hsa-mir-504,0.2997844517,0.2997846007,-0.0000001490
hsa-mir-505,0.3003348708,0.3003374338,-0.0000025630
hsa-mir-513a-1,0.3387552500,0.3387405276,0.0000147223
hsa-mir-513a-2,0.3012815416,0.3012808859,0.0000006557
hsa-mir-506,0.3174233437,0.3173973560,0.0000259876
hsa-mir-507,0.4111204147,0.4114301801,-0.0003097653
hsa-mir-508,0.5265855193,0.5269471407,-0.0003616214
hsa-mir-509-1,0.3038439453,0.3038400710,0.0000038743
hsa-mir-510,0.2997650206,0.2997820973,-0.0000170767
hsa-mir-514a-1,0.3003685772,0.3003678024,0.0000007749
hsa-mir-514a-2,0.3028843403,0.3028805554,0.0000037849
hsa-mir-514a-3,0.3028843403,0.3028805554,0.0000037849
hsa-mir-532,0.3174361885,0.3176479340,-0.0002117455
hsa-mir-455,0.3860453665,0.3860302567,0.0000151098
hsa-mir-539,0.2988236845,0.2988440096,-0.0000203252
hsa-mir-544a,0.2987518609,0.2987654209,-0.0000135601
hsa-mir-545,0.3136049509,0.3138048351,-0.0001998842
hsa-mir-376a-2,0.3348188400,0.3348042369,0.0000146031
hsa-mir-487b,0.3519229889,0.3519082665,0.0000147223
hsa-mir-551a,0.3001146913,0.3001146913,0.0000000000
hsa-mir-552,0.2992704809,0.2992702127,0.0000002682
hsa-mir-553,0.4422766268,0.4426738322,-0.0003972054
hsa-mir-554,0.3178444803,0.3178441226,0.0000003576
hsa-mir-92b,0.4011576176,0.4011423588,0.0000152588
hsa-mir-555,0.3009506762,0.3009532094,-0.0000025332
hsa-mir-556,0.3242619336,0.3242474496,0.0000144839
hsa-mir-557,0.3077981770,0.3078011572,-0.0000029802
hsa-mir-558,0.2992794216,0.2992768884,0.0000025332
hsa-mir-559,0.3099917471,0.3099915981,0.0000001490
hsa-mir-561,0.3709765077,0.3712171614,-0.0002406538
hsa-mir-562,0.2996783555,0.2996789813,-0.0000006258
hsa-mir-563,0.3068261445,0.3068312407,-0.0000050962
hsa-mir-564,0.3477819264,0.3477742672,0.0000076592
hsa-mir-567,0.3014188409,0.3014128804,0.0000059605
hsa-mir-568,0.3335691690,0.3335545659,0.0000146031
hsa-mir-551b,0.2994169593,0.2994201183,-0.0000031590
hsa-mir-569,0.3002259731,0.3002215326,0.0000044405
hsa-mir-570,0.3595286012,0.3597561717,-0.0002275705
hsa-mir-571,0.4467756748,0.4471461177,-0.0003704429
hsa-mir-572,0.4624064863,0.4628757238,-0.0004692376
hsa-mir-573,0.3331109285,0.3330963850,0.0000145435
hsa-mir-574,0.4005901814,0.4005749226,0.0000152588
hsa-mir-575,0.6032693982,0.6036131382,-0.0003437400
hsa-mir-576,0.3662568629,0.3664975762,-0.0002407134
hsa-mir-577,0.4019009173,0.4018732607,0.0000276566
hsa-mir-578,0.3009583950,0.3009572029,0.0000011921
hsa-mir-579,0.3909467757,0.3911876380,-0.0002408624
hsa-mir-580,0.3053588867,0.3053586185,0.0000002682
hsa-mir-581,0.3625738025,0.3625588715,0.0000149310
hsa-mir-582,0.3298341036,0.3300680220,-0.0002339184
hsa-mir-583,0.3490410447,0.3492709398,-0.0002298951
hsa-mir-584,0.2995949984,0.2995949388,0.0000000596
hsa-mir-585,0.3426061273,0.3425985277,0.0000075996
hsa-mir-548a-1,0.3011746407,0.3012857139,-0.0001110733
hsa-mir-586,0.2985176146,0.2985300422,-0.0000124276
hsa-mir-587,0.3540836275,0.3543176055,-0.0002339780
hsa-mir-548b,0.2990871370,0.2990843952,0.0000027418
hsa-mir-588,0.6674177647,0.6677217484,-0.0003039837
hsa-mir-548a-2,0.3051443100,0.3053083718,-0.0001640618
hsa-mir-589,0.3006269634,0.3006294668,-0.0000025034
hsa-mir-550a-1,0.3683443666,0.3683294654,0.0000149012
hsa-mir-550a-2,0.3753347993,0.3753197789,0.0000150204
hsa-mir-590,0.3161788285,0.3161646426,0.0000141859
hsa-mir-591,0.3423973322,0.3423826098,0.0000147223
hsa-mir-592,0.3170113862,0.3169983625,0.0000130236
hsa-mir-593,0.3024680316,0.3024678230,0.0000002086
hsa-mir-595,0.2994719744,0.2994802594,-0.0000082850
hsa-mir-596,0.3982599676,0.3985143006,-0.0002543330
hsa-mir-597,0.2997396290,0.2997395694,0.0000000596
hsa-mir-598,0.2995234430,0.2995235622,-0.0000001192
hsa-mir-599,0.3302687705,0.3302423954,0.0000263751
hsa-mir-548a-3,0.3136008680,0.3138007820,-0.0001999140
hsa-mir-600,0.2994047701,0.2994188070,-0.0000140369
hsa-mir-601,0.3024503291,0.3024485409,0.0000017881
hsa-mir-602,0.3499734104,0.3502029479,-0.0002295375
hsa-mir-603,0.2994330227,0.2994270325,0.0000059903
hsa-mir-604,0.3035370111,0.3035382032,-0.0000011921
hsa-mir-605,0.3820212781,0.3822562099,-0.0002349317
hsa-mir-606,0.3825758696,0.3828164339,-0.0002405643
hsa-mir-607,0.3104108274,0.3106062412,-0.0001954138
hsa-mir-608,0.3005274236,0.3005299270,-0.0000025034
hsa-mir-609,0.3566837609,0.3569150567,-0.0002312958
hsa-mir-610,0.3461319506,0.3463580310,-0.0002260804
hsa-mir-611,0.3094315529,0.3096267879,-0.0001952350
hsa-mir-612,0.3020574152,0.3020568192,0.0000005960
hsa-mir-613,0.3374775946,0.3374509811,0.0000266135
hsa-mir-614,0.2997847199,0.2997870743,-0.0000023544
hsa-mir-615,0.3045949638,0.3046010137,-0.0000060499
hsa-mir-616,0.6451034546,0.6454247832,-0.0003213286
hsa-mir-548c,0.3025107086,0.3025042713,0.0000064373
hsa-mir-617,0.3520763218,0.3523147106,-0.0002383888
hsa-mir-618,0.2994714975,0.2994747162,-0.0000032187
hsa-mir-619,0.3005278409,0.3005793393,-0.0000514984
hsa-mir-620,0.3402072489,0.3401806056,0.0000266433
hsa-mir-621,0.3538629115,0.3538481593,0.0000147521
hsa-mir-622,0.3719843328,0.3719693422,0.0000149906
hsa-mir-623,0.3454154730,0.3454078436,0.0000076294
hsa-mir-624,0.3048487604,0.3048485816,0.0000001788
hsa-mir-625,0.3381377459,0.3381301761,0.0000075698
hsa-mir-626,0.3336271942,0.3336126804,0.0000145137
hsa-mir-627,0.3204436898,0.3206538856,-0.0002101958
hsa-mir-628,0.6896021366,0.6898638010,-0.0002616644
hsa-mir-629,0.3456729949,0.3456582725,0.0000147223
hsa-mir-630,0.3037096560,0.3037062287,0.0000034273
hsa-mir-631,0.3036593199,0.3036605120,-0.0000011921
hsa-mir-33b,0.3345049322,0.3344974220,0.0000075102
hsa-mir-632,0.3533933461,0.3533785939,0.0000147521
hsa-mir-633,0.3307522833,0.3307259679,0.0000263155
hsa-mir-634,0.3126872182,0.3126869500,0.0000002682
hsa-mir-635,0.3845034838,0.3844884038,0.0000150800
hsa-mir-636,0.4397224784,0.4401630461,-0.0004405677
hsa-mir-637,0.3654675782,0.3657083213,-0.0002407432
hsa-mir-638,0.3571437001,0.3571360111,0.0000076890
hsa-mir-639,0.4467473924,0.4467320144,0.0000153780
hsa-mir-640,0.2995027602,0.2995028794,-0.0000001192
hsa-mir-641,0.3433255553,0.3433108926,0.0000146627
hsa-mir-642a,0.3402857482,0.3405148387,-0.0002290905
hsa-mir-643,0.3263666928,0.3263522685,0.0000144243
hsa-mir-644a,0.2988743782,0.2989020050,-0.0000276268
hsa-mir-645,0.3645198047,0.3647523224,-0.0002325177
hsa-mir-646,0.3517241478,0.3519532382,-0.0002290905
hsa-mir-647,0.6407951713,0.6411154270,-0.0003202558
hsa-mir-648,0.3139297962,0.3141316175,-0.0002018213
hsa-mir-649,0.3055022359,0.3054897785,0.0000124574
hsa-mir-650,0.3014312685,0.3014306128,0.0000006557
hsa-mir-651,0.3745273650,0.3747685850,-0.0002412200
hsa-mir-652,0.4968232214,0.4972684681,-0.0004452467
hsa-mir-548d-1,0.2996205389,0.2996147871,0.0000057518
hsa-mir-661,0.3000493944,0.3000495136,-0.0000001192
hsa-mir-662,0.3286875188,0.3289140463,-0.0002265275
hsa-mir-548d-2,0.3714908063,0.3714635670,0.0000272393
hsa-mir-663a,0.4111867547,0.4111716151,0.0000151396
hsa-mir-449b,0.3551249504,0.3553638756,-0.0002389252
hsa-mir-653,0.2993513644,0.2993833125,-0.0000319481
hsa-mir-411,0.3531488776,0.3531340957,0.0000147820
hsa-mir-654,0.3003038466,0.3003485203,-0.0000446737
hsa-mir-655,0.2993418276,0.2993414998,0.0000003278
hsa-mir-656,0.2996527553,0.2996530235,-0.0000002682
hsa-mir-549a,0.3379677832,0.3379532397,0.0000145435
hsa-mir-657,0.3030514121,0.3030526638,-0.0000012517
hsa-mir-658,0.3148997128,0.3149099350,-0.0000102222
hsa-mir-659,0.3656114638,0.3655964434,0.0000150204
hsa-mir-660,0.4283101857,0.4286831021,-0.0003729165
hsa-mir-421,0.3310315311,0.3312585652,-0.0002270341
hsa-mir-542,0.3281493187,0.3281418681,0.0000074506
hsa-mir-758,0.3052768111,0.3052837849,-0.0000069737
hsa-mir-1264,0.4555050433,0.4559396207,-0.0004345775
hsa-mir-671,0.3015359938,0.3015353382,0.0000006557
hsa-mir-668,0.2998186648,0.2998324931,-0.0000138283
hsa-mir-550a-3,0.4014876187,0.4014724493,0.0000151694
hsa-mir-767,0.3287365139,0.3289630711,-0.0002265573
hsa-mir-1224,0.3001148999,0.3001174331,-0.0000025332
hsa-mir-151b,0.3010031283,0.3010020554,0.0000010729
hsa-mir-320b-1,0.3020968437,0.3020983636,-0.0000015199
hsa-mir-320c-1,0.3106976748,0.3108931184,-0.0001954436
hsa-mir-1296,0.3512431383,0.3514720798,-0.0002289414
hsa-mir-1468,0.3022642136,0.3022601604,0.0000040531
hsa-mir-1323,0.3140597343,0.3142615855,-0.0002018511
hsa-mir-1271,0.3354647458,0.3354572058,0.0000075400
hsa-mir-1301,0.3541653454,0.3541505933,0.0000147521
hsa-mir-454,0.3005812764,0.3006663918,-0.0000851154
hsa-mir-1185-2,0.3283351064,0.3285615146,-0.0002264082
hsa-mir-449c,0.3014616966,0.3014577627,0.0000039339
hsa-mir-1283-1,0.3087072968,0.3087071776,0.0000001192
hsa-mir-769,0.3025956750,0.3025973737,-0.0000016987
hsa-mir-766,0.3326821327,0.3326745629,0.0000075698
hsa-mir-320b-2,0.3527506590,0.3529812396,-0.0002305806
hsa-mir-378d-2,0.3761163652,0.3761013150,0.0000150502
hsa-mir-1185-1,0.2995670140,0.2995671630,-0.0000001490
hsa-mir-762,0.3623816669,0.3623739183,0.0000077486
hsa-mir-802,0.2996354699,0.2996320128,0.0000034571
hsa-mir-670,0.4412703812,0.4412550032,0.0000153780
hsa-mir-1298,0.2989563644,0.2989591062,-0.0000027418
hsa-mir-2113,0.3421247602,0.3423612416,-0.0002364814
hsa-mir-761,0.3346679509,0.3348958492,-0.0002278984
hsa-mir-764,0.3016318381,0.3016335368,-0.0000016987
hsa-mir-759,0.3723251820,0.3725661337,-0.0002409518
hsa-mir-765,0.2995190024,0.2995191216,-0.0000001192
hsa-mir-770,0.3280226588,0.3282476664,-0.0002250075
hsa-mir-675,0.3355804086,0.3358084559,-0.0002280474
hsa-mir-298,0.3213331103,0.3215456903,-0.0002125800
hsa-mir-891a,0.2997672856,0.2997674346,-0.0000001490
hsa-mir-300,0.3009364009,0.3010144830,-0.0000780821
hsa-mir-892a,0.3486156464,0.3486008644,0.0000147820
hsa-mir-509-2,0.3044668138,0.3044643700,0.0000024438
hsa-mir-450b,0.3024737239,0.3026246727,-0.0001509488
hsa-mir-874,0.3015459478,0.3015483022,-0.0000023544
hsa-mir-890,0.3515424728,0.3515277803,0.0000146925
hsa-mir-891b,0.3104886711,0.3104900420,-0.0000013709
hsa-mir-888,0.3527139127,0.3529444635,-0.0002305508
hsa-mir-892b,0.2998357713,0.2998383641,-0.0000025928
hsa-mir-541,0.3193649054,0.3193646371,0.0000002682
hsa-mir-889,0.3184170723,0.3184049726,0.0000120997
hsa-mir-875,0.3000122905,0.3000124991,-0.0000002086
hsa-mir-876,0.3063940406,0.3063970208,-0.0000029802
hsa-mir-708,0.3472248018,0.3474529982,-0.0002281964
hsa-mir-147b,0.3243646920,0.3245889246,-0.0002242327
hsa-mir-190b,0.3050498664,0.3050496876,0.0000001788
hsa-mir-744,0.3385804296,0.3385728002,0.0000076294
hsa-mir-885,0.6453413963,0.6456644535,-0.0003230572
hsa-mir-877,0.4743700325,0.4743547738,0.0000152588
hsa-mir-887,0.3058185875,0.3058249354,-0.0000063479
hsa-mir-665,0.3005569875,0.3005572259,-0.0000002384
hsa-mir-873,0.3101013303,0.3102978468,-0.0001965165
hsa-mir-543,0.3602014780,0.3604406118,-0.0002391338
hsa-mir-374b,0.3014709353,0.3014724851,-0.0000015497
hsa-mir-760,0.3988381922,0.3990993798,-0.0002611876
hsa-mir-301b,0.3089399040,0.3091349900,-0.0001950860
hsa-mir-216b,0.3076565266,0.3076594472,-0.0000029206
hsa-mir-208b,0.3643879592,0.3646277785,-0.0002398193
hsa-mir-920,0.3842655718,0.3845080733,-0.0002425015
hsa-mir-921,0.4338132739,0.4342043102,-0.0003910363
hsa-mir-922,0.3124780953,0.3126796186,-0.0002015233
hsa-mir-924,0.6733075380,0.6733502746,-0.0000427365
hsa-mir-509-3,0.3030025065,0.3030004203,0.0000020862
hsa-mir-933,0.3023026884,0.3023020923,0.0000005960
hsa-mir-934,0.2992770672,0.2992968857,-0.0000198185
hsa-mir-935,0.3134956658,0.3135058880,-0.0000102222
hsa-mir-936,0.3903094530,0.3902942538,0.0000151992
hsa-mir-937,0.3935807049,0.3938167691,-0.0002360642
hsa-mir-938,0.3120093942,0.3120092750,0.0000001192
hsa-mir-939,0.3408415914,0.3410697877,-0.0002281964
hsa-mir-940,0.4082997441,0.4086084664,-0.0003087223
hsa-mir-941-1,0.3018487096,0.3018480539,0.0000006557
hsa-mir-941-2,0.3123473525,0.3123470843,0.0000002682
hsa-mir-941-3,0.3123473525,0.3123470843,0.0000002682
hsa-mir-941-4,0.3123473525,0.3123470843,0.0000002682
hsa-mir-942,0.3757564723,0.3757414222,0.0000150502
hsa-mir-943,0.3756895363,0.3756744862,0.0000150502
hsa-mir-944,0.3698889017,0.3701295257,-0.0002406240
hsa-mir-297,0.3558178544,0.3558030427,0.0000148118
hsa-mir-1178,0.4062144458,0.4061993361,0.0000151098
hsa-mir-1179,0.3006097972,0.3006063700,0.0000034273
hsa-mir-1180,0.3373910189,0.3376180530,-0.0002270341
hsa-mir-1181,0.3061376214,0.3061510026,-0.0000133812
hsa-mir-1182,0.3620936275,0.3623257875,-0.0002321601
hsa-mir-1183,0.3022507131,0.3022504449,0.0000002682
hsa-mir-1184-1,0.4141638577,0.4141485989,0.0000152588
hsa-mir-1225,0.4529020190,0.4533565938,-0.0004545748
hsa-mir-1226,0.3004937172,0.3004941046,-0.0000003874
hsa-mir-1227,0.3098964393,0.3100928962,-0.0001964569
hsa-mir-1228,0.3936031461,0.3938466907,-0.0002435446
hsa-mir-1229,0.3702042103,0.3704375029,-0.0002332926
hsa-mir-1231,0.3158958256,0.3160993457,-0.0002035201
hsa-mir-1233-1,0.3163337111,0.3163366616,-0.0000029504
hsa-mir-1234,0.3008936346,0.3008962572,-0.0000026226
hsa-mir-1236,0.4058817327,0.4058665335,0.0000151992
hsa-mir-1237,0.3007752895,0.3007779121,-0.0000026226
hsa-mir-1238,0.3146597445,0.3148630559,-0.0002033114
hsa-mir-1200,0.3878075182,0.3880503774,-0.0002428591
hsa-mir-1202,0.3429027498,0.3428951204,0.0000076294
hsa-mir-1203,0.3298004270,0.3297928870,0.0000075400
hsa-mir-663b,0.4057167172,0.4057015181,0.0000151992
hsa-mir-1204,0.3816590011,0.3818938434,-0.0002348423
hsa-mir-1205,0.3501531482,0.3503820002,-0.0002288520
hsa-mir-1206,0.4156712890,0.4160352647,-0.0003639758
hsa-mir-1207,0.3302652836,0.3302577436,0.0000075400
hsa-mir-1208,0.3183251917,0.3183248639,0.0000003278
hsa-mir-548e,0.3006148040,0.3006548882,-0.0000400841
hsa-mir-548j,0.3083302975,0.3083300292,0.0000002682
hsa-mir-1285-1,0.2997864187,0.2997865379,-0.0000001192
hsa-mir-1285-2,0.3048793674,0.3048872054,-0.0000078380
hsa-mir-1286,0.3005108237,0.3005110323,-0.0000002086
hsa-mir-1287,0.3796470165,0.3798816502,-0.0002346337
hsa-mir-1289-1,0.6424289346,0.6427364349,-0.0003075004
hsa-mir-1289-2,0.2992755771,0.2992753088,0.0000002682
hsa-mir-1290,0.3023356497,0.3023338318,0.0000018179
hsa-mir-1291,0.3022968471,0.3022985756,-0.0000017285
hsa-mir-548k,0.3101847768,0.3101674318,0.0000173450
hsa-mir-1293,0.3525440097,0.3525292873,0.0000147223
hsa-mir-1294,0.2995605469,0.2995803952,-0.0000198483
hsa-mir-1295a,0.4403377771,0.4407300055,-0.0003922284
hsa-mir-1297,0.3938583732,0.3941001892,-0.0002418160
hsa-mir-1299,0.3992937207,0.3995500803,-0.0002563596
hsa-mir-548l,0.3027765751,0.3027730286,0.0000035465
hsa-mir-1302-1,0.3586417437,0.3586147726,0.0000269711
hsa-mir-1302-2,0.3325623572,0.3325479329,0.0000144243
hsa-mir-1302-3,0.3302458227,0.3302313089,0.0000145137
hsa-mir-1302-4,0.3053904474,0.3053902984,0.0000001490
hsa-mir-1302-5,0.2990124226,0.2990221381,-0.0000097156
hsa-mir-1302-6,0.3012194932,0.3012110591,0.0000084341
hsa-mir-1302-7,0.3148413002,0.3148409724,0.0000003278
hsa-mir-1302-8,0.3429828882,0.3432196081,-0.0002367198
hsa-mir-1303,0.3046353459,0.3048012555,-0.0001659095
hsa-mir-1304,0.3025169969,0.3025181890,-0.0000011921
hsa-mir-1305,0.3789190948,0.3791609406,-0.0002418458
hsa-mir-1243,0.3843688071,0.3846113384,-0.0002425313
hsa-mir-548f-1,0.3609699905,0.3609550893,0.0000149012
hsa-mir-548f-2,0.3386327326,0.3386060894,0.0000266433
hsa-mir-548f-3,0.2986150384,0.2986276746,-0.0000126362
hsa-mir-548f-4,0.3046166003,0.3046133816,0.0000032187
hsa-mir-548f-5,0.3582320809,0.3582172394,0.0000148416
hsa-mir-1244-1,0.2997539043,0.2997485697,0.0000053346
hsa-mir-1245a,0.3004787564,0.3004756868,0.0000030696
hsa-mir-1246,0.3228023350,0.3230216801,-0.0002193451
hsa-mir-1247,0.4145777822,0.4149457514,-0.0003679693
hsa-mir-1248,0.3066639304,0.3066558838,0.0000080466
hsa-mir-1249,0.3601963222,0.3604361713,-0.0002398491
hsa-mir-1250,0.3176642358,0.3176568449,0.0000073910
hsa-mir-1251,0.3728834391,0.3731244504,-0.0002410114
hsa-mir-1253,0.3994186819,0.3996771574,-0.0002584755
hsa-mir-1255a,0.2992402911,0.2992399633,0.0000003278
hsa-mir-1256,0.3718473613,0.3720882237,-0.0002408624
hsa-mir-1257,0.3347153366,0.3347077966,0.0000075400
hsa-mir-1258,0.3134036958,0.3136053979,-0.0002017021
hsa-mir-1260a,0.4661761820,0.4666140378,-0.0004378557
hsa-mir-548g,0.3028981984,0.3028926849,0.0000055134
hsa-mir-1261,0.3039079010,0.3039045930,0.0000033081
hsa-mir-1262,0.3014295697,0.3014237881,0.0000057817
hsa-mir-1263,0.2998336852,0.2998336852,0.0000000000
hsa-mir-548n,0.3005816638,0.3005806208,0.0000010431
hsa-mir-548m,0.3162217438,0.3162214160,0.0000003278
hsa-mir-1265,0.3781160712,0.3780887425,0.0000273287
hsa-mir-548o,0.3812144101,0.3811870217,0.0000273883
hsa-mir-1266,0.3206271529,0.3208395243,-0.0002123713
hsa-mir-1267,0.6918848753,0.6919237375,-0.0000388622
hsa-mir-1268a,0.3015291095,0.3015312850,-0.0000021756
hsa-mir-1269a,0.3845632076,0.3845481277,0.0000150800
hsa-mir-1270,0.3139792383,0.3139617443,0.0000174940
hsa-mir-1272,0.3001489043,0.3001513779,-0.0000024736
hsa-mir-548h-1,0.3164059818,0.3164056540,0.0000003278
hsa-mir-548h-2,0.3315388560,0.3315242827,0.0000145733
hsa-mir-548h-3,0.3194850981,0.3194589615,0.0000261366
hsa-mir-548h-4,0.3415546417,0.3415280282,0.0000266135
hsa-mir-1275,0.3025389016,0.3025373220,0.0000015795
hsa-mir-1276,0.3120341599,0.3120341003,0.0000000596
hsa-mir-302e,0.2996706367,0.2996727228,-0.0000020862
hsa-mir-302f,0.4053085446,0.4056041837,-0.0002956390
hsa-mir-1277,0.3004942238,0.3004934490,0.0000007749
hsa-mir-548p,0.2994647920,0.2994647920,0.0000000000
hsa-mir-548i-1,0.3031958044,0.3031920493,0.0000037551
hsa-mir-548i-2,0.3400564492,0.3400298953,0.0000265539
hsa-mir-548i-3,0.3435703516,0.3435555995,0.0000147521
hsa-mir-548i-4,0.3060492277,0.3062162399,-0.0001670122
hsa-mir-1278,0.3285994232,0.3285919130,0.0000075102
hsa-mir-1279,0.3661571741,0.3663972616,-0.0002400875
hsa-mir-1281,0.3605043292,0.3607442677,-0.0002399385
hsa-mir-1282,0.3005636334,0.3005639017,-0.0000002682
hsa-mir-1283-2,0.3006615639,0.3006603718,0.0000011921
hsa-mir-1284,0.2992312312,0.2992307842,0.0000004470
hsa-mir-1288,0.3060861826,0.3060925007,-0.0000063181
hsa-mir-1292,0.3775991797,0.3778335452,-0.0002343655
hsa-mir-1252,0.5171131492,0.5175029039,-0.0003897548
hsa-mir-1255b-1,0.4078729749,0.4081688821,-0.0002959073
hsa-mir-1255b-2,0.3140659332,0.3142690659,-0.0002031326
hsa-mir-664a,0.3110785186,0.3110782802,0.0000002384
hsa-mir-1306,0.3753765225,0.3756178021,-0.0002412796
hsa-mir-1307,0.4005740285,0.4008354247,-0.0002613962
hsa-mir-513b,0.3627863824,0.3630259633,-0.0002395809
hsa-mir-513c,0.3996575475,0.3999139667,-0.0002564192
hsa-mir-1321,0.3511286974,0.3513662219,-0.0002375245
hsa-mir-1322,0.3226884305,0.3229119778,-0.0002235472
hsa-mir-1197,0.3011178970,0.3011167943,0.0000011027
hsa-mir-1324,0.3003319502,0.3003321886,-0.0000002384
hsa-mir-1469,0.3007394671,0.3007423580,-0.0000028908
hsa-mir-1470,0.5230640769,0.5235508680,-0.0004867911
hsa-mir-1471,0.3208785653,0.3210911155,-0.0002125502
hsa-mir-1537,0.4087588787,0.4090548158,-0.0002959371
hsa-mir-1538,0.3053081632,0.3053209484,-0.0000127852
hsa-mir-1539,0.3062847257,0.3062981069,-0.0000133812
hsa-mir-103b-1,0.3478690982,0.3481068015,-0.0002377033
hsa-mir-103b-2,0.5951067805,0.5954732895,-0.0003665090
hsa-mir-320d-1,0.3526636362,0.3529013991,-0.0002377629
hsa-mir-320c-2,0.3015889525,0.3015910983,-0.0000021458
hsa-mir-320d-2,0.3961337209,0.3963947296,-0.0002610087
hsa-mir-1825,0.4626772106,0.4631266892,-0.0004494786
hsa-mir-1827,0.4385363460,0.4389372468,-0.0004009008
hsa-mir-1908,0.3222918510,0.3223021328,-0.0000102818
hsa-mir-1909,0.3129965961,0.3129996657,-0.0000030696
hsa-mir-1910,0.3392522037,0.3394797146,-0.0002275109
hsa-mir-1911,0.3015983701,0.3016006052,-0.0000022352
hsa-mir-1912,0.3282658458,0.3284901083,-0.0002242625
hsa-mir-1913,0.3647448421,0.3649774194,-0.0002325773
hsa-mir-1914,0.6928228140,0.6928014159,0.0000213981
hsa-mir-1915,0.3250613213,0.3250715733,-0.0000102520
hsa-mir-1972-1,0.3014220893,0.3014243245,-0.0000022352
hsa-mir-1973,0.5098133683,0.5102664232,-0.0004530549
hsa-mir-1976,0.5582333207,0.5586719513,-0.0004386306
hsa-mir-2052,0.3517778814,0.3520154953,-0.0002376139
hsa-mir-2053,0.3133907616,0.3133788109,0.0000119507
hsa-mir-2054,0.6712669134,0.6713228822,-0.0000559688
hsa-mir-2110,0.3720796704,0.3723205328,-0.0002408624
hsa-mir-2114,0.6097632051,0.6101263762,-0.0003631711
hsa-mir-2115,0.3447523713,0.3449894190,-0.0002370477
hsa-mir-2116,0.3038180470,0.3038159609,0.0000020862
hsa-mir-2117,0.3133892715,0.3135910034,-0.0002017319
hsa-mir-548q,0.3473457694,0.3473310173,0.0000147521
hsa-mir-2276,0.4088328183,0.4091431201,-0.0003103018
hsa-mir-2277,0.3500044644,0.3502354026,-0.0002309382
hsa-mir-2278,0.3782977462,0.3782827854,0.0000149608
hsa-mir-2681,0.2997728586,0.2997749448,-0.0000020862
hsa-mir-2682,0.3004576564,0.3004601300,-0.0000024736
hsa-mir-711,0.3027007282,0.3027023077,-0.0000015795
hsa-mir-718,0.4017580152,0.4017428160,0.0000151992
hsa-mir-2861,0.4907518029,0.4912320077,-0.0004802048
hsa-mir-2909,0.3009890020,0.3010525703,-0.0000635684
hsa-mir-3115,0.3113221228,0.3113220036,0.0000001192
hsa-mir-3116-1,0.3031404614,0.3031416535,-0.0000011921
hsa-mir-3116-2,0.3374753594,0.3377024829,-0.0002271235
hsa-mir-3117,0.3087714911,0.3089666069,-0.0001951158
hsa-mir-3118-1,0.2994178832,0.2994457483,-0.0000278652
hsa-mir-3118-2,0.2992913425,0.2993054390,-0.0000140965
hsa-mir-3118-3,0.2992913425,0.2993054390,-0.0000140965
hsa-mir-3119-1,0.3565275669,0.3565127850,0.0000147820
hsa-mir-3119-2,0.3607661128,0.3607513011,0.0000148118
hsa-mir-3120,0.3003660440,0.3003685176,-0.0000024736
hsa-mir-3121,0.5292759538,0.5296632051,-0.0003872514
hsa-mir-3122,0.3517346084,0.3519649804,-0.0002303720
hsa-mir-3123,0.3329081237,0.3331426978,-0.0002345741
hsa-mir-3124,0.3243585825,0.3243511319,0.0000074506
hsa-mir-548s,0.3302933872,0.3305164874,-0.0002231002
hsa-mir-3125,0.3975892663,0.3975740969,0.0000151694
hsa-mir-3126,0.3919929266,0.3922362030,-0.0002432764
hsa-mir-3127,0.3465968072,0.3468270302,-0.0002302229
hsa-mir-3128,0.4281710982,0.4285303652,-0.0003592670
hsa-mir-3129,0.4078488648,0.4081413150,-0.0002924502
hsa-mir-3130-1,0.4917835891,0.4922797084,-0.0004961193
hsa-mir-3130-2,0.5141986012,0.5146740079,-0.0004754066
hsa-mir-3131,0.3293941617,0.3296194375,-0.0002252758
hsa-mir-3132,0.3856359422,0.3856208622,0.0000150800
hsa-mir-3133,0.5407490134,0.5411098003,-0.0003607869
hsa-mir-378b,0.3610234261,0.3612539470,-0.0002305210
hsa-mir-3134,0.3020926714,0.3020885885,0.0000040829
hsa-mir-3135a,0.3395778537,0.3395702839,0.0000075698
hsa-mir-466,0.3935367167,0.3935216367,0.0000150800
hsa-mir-3136,0.3014488816,0.3014503717,-0.0000014901
hsa-mir-544b,0.3121041059,0.3123055100,-0.0002014041
hsa-mir-3137,0.3124962151,0.3126989603,-0.0002027452
hsa-mir-3138,0.4003400207,0.4005925059,-0.0002524853
hsa-mir-3139,0.3436673284,0.3436526656,0.0000146627
hsa-mir-3140,0.3549505472,0.3551815748,-0.0002310276
hsa-mir-548t,0.2999383807,0.2999385893,-0.0000002086
hsa-mir-3141,0.4098426402,0.4101758897,-0.0003332496
hsa-mir-3142,0.2995501757,0.2995503247,-0.0000001490
hsa-mir-3143,0.3148663938,0.3150685132,-0.0002021194
hsa-mir-548u,0.2991907895,0.2991907895,0.0000000000
hsa-mir-3144,0.2997958958,0.2998340726,-0.0000381768
hsa-mir-3145,0.4606821835,0.4611234367,-0.0004412532
hsa-mir-1273c,0.3594030440,0.3596347570,-0.0002317131
hsa-mir-3146,0.3674951792,0.3677267730,-0.0002315938
hsa-mir-3147,0.3293103576,0.3295370340,-0.0002266765
hsa-mir-548v,0.3453806639,0.3456169963,-0.0002363324
hsa-mir-3148,0.2994492054,0.2994492054,0.0000000000
hsa-mir-3149,0.3037347496,0.3037322462,0.0000025034
hsa-mir-3150a,0.4057491422,0.4060332477,-0.0002841055
hsa-mir-3151,0.3022555113,0.3023610413,-0.0001055300
hsa-mir-3152,0.3040955365,0.3042595088,-0.0001639724
hsa-mir-3153,0.4668886662,0.4673270583,-0.0004383922
hsa-mir-3074,0.3207429945,0.3209554255,-0.0002124310
hsa-mir-3154,0.4133173227,0.4136790037,-0.0003616810
hsa-mir-3155a,0.2999814749,0.3000129461,-0.0000314713
hsa-mir-3156-1,0.4031236470,0.4031084180,0.0000152290
hsa-mir-3157,0.3032225072,0.3032189012,0.0000036061
hsa-mir-3158-1,0.3329584599,0.3329508901,0.0000075698
hsa-mir-3158-2,0.2995872498,0.2995904982,-0.0000032485
hsa-mir-3159,0.3319898844,0.3322158456,-0.0002259612
hsa-mir-3160-1,0.6030790806,0.6034065485,-0.0003274679
hsa-mir-3160-2,0.6465401649,0.6468266249,-0.0002864599
hsa-mir-3161,0.3025406003,0.3025421798,-0.0000015795
hsa-mir-3162,0.3902383447,0.3904798627,-0.0002415180
hsa-mir-3163,0.3413769305,0.3416132927,-0.0002363622
hsa-mir-3164,0.3294031918,0.3293956816,0.0000075102
hsa-mir-3165,0.3004268110,0.3004292846,-0.0000024736
hsa-mir-3166,0.3856758475,0.3856607676,0.0000150800
hsa-mir-1260b,0.3493845165,0.3496131599,-0.0002286434
hsa-mir-3167,0.3150700331,0.3150697649,0.0000002682
hsa-mir-3168,0.3409764767,0.3412048519,-0.0002283752
hsa-mir-3169,0.3689255714,0.3689106405,0.0000149310
hsa-mir-3170,0.3285408616,0.3285333514,0.0000075102
hsa-mir-3171,0.3341297507,0.3341152370,0.0000145137
hsa-mir-3173,0.3724842966,0.3727179468,-0.0002336502
hsa-mir-1193,0.3061335385,0.3061386645,-0.0000051260
hsa-mir-323b,0.3018256724,0.3018252552,0.0000004172
hsa-mir-3118-4,0.2992913425,0.2993054390,-0.0000140965
hsa-mir-3174,0.2995499372,0.2995696366,-0.0000196993
hsa-mir-3175,0.3156525195,0.3156627715,-0.0000102520
hsa-mir-3176,0.4215355217,0.4218980372,-0.0003625154
hsa-mir-3177,0.3023026288,0.3023019731,0.0000006557
hsa-mir-3178,0.3764850795,0.3764700294,0.0000150502
hsa-mir-3179-1,0.7416777015,0.7416691780,0.0000085235
hsa-mir-3180-1,0.4453245997,0.4457857907,-0.0004611909
hsa-mir-3180-2,0.3713821173,0.3716157377,-0.0002336204
hsa-mir-3179-2,0.7416777015,0.7416691780,0.0000085235
hsa-mir-3180-3,0.4453245997,0.4457857907,-0.0004611909
hsa-mir-3179-3,0.7416777015,0.7416691780,0.0000085235
hsa-mir-548w,0.3088177443,0.3090127110,-0.0001949668
hsa-mir-3181,0.3509833217,0.3512130380,-0.0002297163
hsa-mir-3182,0.3511909842,0.3511762917,0.0000146925
hsa-mir-3183,0.3365449905,0.3367719352,-0.0002269447
hsa-mir-3184,0.2999170423,0.2999171019,-0.0000000596
hsa-mir-3185,0.3087600470,0.3087703586,-0.0000103116
hsa-mir-3065,0.3659605384,0.3662005961,-0.0002400577
hsa-mir-3186,0.2998015583,0.2998017073,-0.0000001490
hsa-mir-3156-2,0.3639551699,0.3639402092,0.0000149608
hsa-mir-3187,0.3006879687,0.3007075787,-0.0000196099
hsa-mir-3188,0.3049805462,0.3051463962,-0.0001658499
hsa-mir-3189,0.3011123538,0.3011841774,-0.0000718236
hsa-mir-320e,0.4066680074,0.4066528082,0.0000151992
hsa-mir-3190,0.3383382261,0.3385654986,-0.0002272725
hsa-mir-3191,0.4294371009,0.4298286438,-0.0003915429
hsa-mir-3192,0.3005684912,0.3005709648,-0.0000024736
hsa-mir-3193,0.4773752093,0.4778101146,-0.0004349053
hsa-mir-3194,0.4494093359,0.4498444200,-0.0004350841
hsa-mir-3195,0.4430561364,0.4434675574,-0.0004114211
hsa-mir-3196,0.4621810913,0.4621658623,0.0000152290
hsa-mir-3156-3,0.3618874848,0.3618727028,0.0000147820
hsa-mir-548x,0.3009330034,0.3009319007,0.0000011027
hsa-mir-3197,0.3047423363,0.3047474027,-0.0000050664
hsa-mir-3198-1,0.6769523621,0.6770029664,-0.0000506043
hsa-mir-3199-1,0.2992579639,0.2992621362,-0.0000041723
hsa-mir-3199-2,0.3010137081,0.3010135889,0.0000001192
hsa-mir-3200,0.3204480112,0.3204476833,0.0000003278
hsa-mir-3201,0.6278378963,0.6281664371,-0.0003285408
hsa-mir-514b,0.6210044026,0.6213215590,-0.0003171563
hsa-mir-3202-1,0.3326239586,0.3326093853,0.0000145733
hsa-mir-3202-2,0.3024613857,0.3024591804,0.0000022054
hsa-mir-4295,0.3231826723,0.3231752217,0.0000074506
hsa-mir-4296,0.4070239365,0.4070087373,0.0000151992
hsa-mir-4297,0.3005747497,0.3005747497,0.0000000000
hsa-mir-378c,0.3202720582,0.3204843998,-0.0002123415
hsa-mir-4293,0.3043113351,0.3043088317,0.0000025034
hsa-mir-4294,0.3156815171,0.3156813979,0.0000001192
hsa-mir-4301,0.4272566736,0.4276472926,-0.0003906190
hsa-mir-4299,0.2998468578,0.2998496592,-0.0000028014
hsa-mir-4298,0.3514875472,0.3514727950,0.0000147521
hsa-mir-4300,0.3532699645,0.3535086513,-0.0002386868
hsa-mir-4304,0.3598299623,0.3598150909,0.0000148714
hsa-mir-4302,0.3126885593,0.3128901124,-0.0002015531
hsa-mir-4303,0.3475159407,0.3477442563,-0.0002283156
hsa-mir-4305,0.3334726989,0.3337074220,-0.0002347231
hsa-mir-4306,0.3033671379,0.3033649623,0.0000021756
hsa-mir-4309,0.2998886406,0.2998912632,-0.0000026226
hsa-mir-4307,0.3171462417,0.3171287775,0.0000174642
hsa-mir-4308,0.3174140751,0.3176271021,-0.0002130270
hsa-mir-4310,0.3427532315,0.3429899216,-0.0002366900
hsa-mir-4311,0.3513227701,0.3513079882,0.0000147820
hsa-mir-4312,0.3066743612,0.3068546057,-0.0001802444
hsa-mir-4313,0.3618068099,0.3620390892,-0.0002322793
hsa-mir-4315-1,0.3267968297,0.3270216286,-0.0002247989
hsa-mir-4316,0.5422003269,0.5426616669,-0.0004613400
hsa-mir-4314,0.3054192364,0.3055852652,-0.0001660287
hsa-mir-4318,0.3950760663,0.3953260779,-0.0002500117
hsa-mir-4319,0.3097745478,0.3097797036,-0.0000051558
hsa-mir-4320,0.3416714072,0.3416638970,0.0000075102
hsa-mir-4317,0.3315421343,0.3317763805,-0.0002342463
hsa-mir-4322,0.3011830151,0.3011854887,-0.0000024736
hsa-mir-4321,0.5032963753,0.5037723780,-0.0004760027
hsa-mir-4323,0.3013058901,0.3013567924,-0.0000509024
hsa-mir-4324,0.2996022403,0.2996220887,-0.0000198483
hsa-mir-4256,0.4026066363,0.4028662741,-0.0002596378
hsa-mir-4257,0.3001313508,0.3001315296,-0.0000001788
hsa-mir-4258,0.3075495660,0.3075613379,-0.0000117719
hsa-mir-4259,0.3305041492,0.3304966092,0.0000075400
hsa-mir-4260,0.3432140648,0.3434436619,-0.0002295971
hsa-mir-4253,0.3096106052,0.3096240163,-0.0000134110
hsa-mir-4251,0.4034181237,0.4036797583,-0.0002616346
hsa-mir-4254,0.3008796573,0.3009158075,-0.0000361502
hsa-mir-4255,0.5188060999,0.5191954970,-0.0003893971
hsa-mir-4252,0.6281921268,0.6285706758,-0.0003785491
hsa-mir-4325,0.2994772494,0.2994772494,0.0000000000
hsa-mir-4326,0.3715723455,0.3718058467,-0.0002335012
hsa-mir-4327,0.3659905493,0.3659756184,0.0000149310
hsa-mir-4261,0.3432325125,0.3434607983,-0.0002282858
hsa-mir-4265,0.3224594295,0.3226723671,-0.0002129376
hsa-mir-4266,0.4451394081,0.4455378950,-0.0003984869
hsa-mir-4267,0.3083046079,0.3084994853,-0.0001948774
hsa-mir-4262,0.3047648668,0.3049307168,-0.0001658499
hsa-mir-2355,0.2993300855,0.2993330956,-0.0000030100
hsa-mir-4268,0.4012282789,0.4014896750,-0.0002613962
hsa-mir-4269,0.4431161284,0.4435169399,-0.0004008114
hsa-mir-4263,0.3098394871,0.3098393679,0.0000001192
hsa-mir-4264,0.3234666884,0.3234664202,0.0000002682
hsa-mir-4270,0.3944006562,0.3946442306,-0.0002435744
hsa-mir-4271,0.3531289101,0.3533581793,-0.0002292693
hsa-mir-4272,0.4009025991,0.4011625946,-0.0002599955
hsa-mir-4273,0.3311329782,0.3313592970,-0.0002263188
hsa-mir-4276,0.2997698486,0.2997699678,-0.0000001192
hsa-mir-4275,0.3561184108,0.3563575447,-0.0002391338
hsa-mir-4274,0.3110665083,0.3110661507,0.0000003576
hsa-mir-4281,0.3344765306,0.3344689310,0.0000075996
hsa-mir-4277,0.3023236096,0.3023259640,-0.0000023544
hsa-mir-4279,0.3007971346,0.3007976711,-0.0000005364
hsa-mir-4278,0.3959019780,0.3961628973,-0.0002609193
hsa-mir-4280,0.3172185421,0.3172182739,0.0000002682
hsa-mir-4282,0.3043687940,0.3045346439,-0.0001658499
hsa-mir-4285,0.4515590668,0.4520079494,-0.0004488826
hsa-mir-4283-1,0.3069514930,0.3069581687,-0.0000066757
hsa-mir-4284,0.3032309115,0.3032324910,-0.0000015795
hsa-mir-4286,0.3501916528,0.3504289389,-0.0002372861
hsa-mir-4287,0.3006078303,0.3006568551,-0.0000490248
hsa-mir-4288,0.3224752843,0.3224678338,0.0000074506
hsa-mir-4292,0.3788387477,0.3790718317,-0.0002330840
hsa-mir-4289,0.3270617127,0.3272879422,-0.0002262294
hsa-mir-4290,0.3345365226,0.3347713947,-0.0002348721
hsa-mir-4291,0.3006011546,0.3006262481,-0.0000250936
hsa-mir-4329,0.3027127981,0.3027120829,0.0000007153
hsa-mir-4330,0.3667526543,0.3667377234,0.0000149310
hsa-mir-500b,0.3065725565,0.3067529202,-0.0001803637
hsa-mir-4328,0.5590096116,0.5594371557,-0.0004275441
hsa-mir-1184-2,0.4141638577,0.4141485989,0.0000152588
hsa-mir-1184-3,0.4141638577,0.4141485989,0.0000152588
hsa-mir-1233-2,0.3163337111,0.3163366616,-0.0000029504
hsa-mir-1244-2,0.2997539043,0.2997485697,0.0000053346
hsa-mir-1244-3,0.2997539043,0.2997485697,0.0000053346
hsa-mir-1972-2,0.3014220893,0.3014243245,-0.0000022352
hsa-mir-1302-9,0.3325623572,0.3325479329,0.0000144243
hsa-mir-1302-10,0.3325623572,0.3325479329,0.0000144243
hsa-mir-1302-11,0.3325623572,0.3325479329,0.0000144243
hsa-mir-4283-2,0.3069514930,0.3069581687,-0.0000066757
hsa-mir-4315-2,0.3267968297,0.3270216286,-0.0002247989
hsa-mir-3605,0.2993006110,0.2993010581,-0.0000004470
hsa-mir-3606,0.3654306829,0.3656707108,-0.0002400279
hsa-mir-3609,0.3870042562,0.3872470856,-0.0002428293
hsa-mir-3610,0.3030205071,0.3031692207,-0.0001487136
hsa-mir-3611,0.4276122153,0.4280028641,-0.0003906488
hsa-mir-3612,0.3471934795,0.3471787274,0.0000147521
hsa-mir-3613,0.3037463129,0.3037439585,0.0000023544
hsa-mir-3614,0.3273927271,0.3273852170,0.0000075102
hsa-mir-3615,0.4105459750,0.4105306864,0.0000152886
hsa-mir-3616,0.3060349822,0.3062011898,-0.0001662076
hsa-mir-3617,0.3211533427,0.3211458921,0.0000074506
hsa-mir-3618,0.3070993721,0.3072859645,-0.0001865923
hsa-mir-3619,0.2999133766,0.2999155521,-0.0000021756
hsa-mir-23c,0.3047188520,0.3047116697,0.0000071824
hsa-mir-3620,0.3295808434,0.3298075497,-0.0002267063
hsa-mir-3621,0.4064342678,0.4064190686,0.0000151992
hsa-mir-3622a,0.3015277982,0.3015271425,0.0000006557
hsa-mir-3622b,0.3082119524,0.3082132638,-0.0000013113
hsa-mir-3646,0.3006659150,0.3006684184,-0.0000025034
hsa-mir-3648-1,0.3180729449,0.3180978894,-0.0000249445
hsa-mir-3649,0.3522939980,0.3525244892,-0.0002304912
hsa-mir-3650,0.3001751602,0.3001754284,-0.0000002682
hsa-mir-3651,0.3211376667,0.3211301565,0.0000075102
hsa-mir-3652,0.3262135684,0.3264382184,-0.0002246499
hsa-mir-3654,0.3421914279,0.3424186707,-0.0002272427
hsa-mir-3655,0.2999086976,0.2999451756,-0.0000364780
hsa-mir-3657,0.2986944616,0.2987245023,-0.0000300407
hsa-mir-3658,0.7162747383,0.7162684202,0.0000063181
hsa-mir-3659,0.3074377179,0.3076286316,-0.0001909137
hsa-mir-3660,0.3025973737,0.3025921285,0.0000052452
hsa-mir-3661,0.3640355766,0.3642761409,-0.0002405643
hsa-mir-3662,0.3193024695,0.3192881644,0.0000143051
hsa-mir-3663,0.3196324706,0.3196392953,-0.0000068247
hsa-mir-3664,0.3428930342,0.3431226015,-0.0002295673
hsa-mir-3665,0.3005308211,0.3005649447,-0.0000341237
hsa-mir-3666,0.3119803667,0.3119799793,0.0000003874
hsa-mir-3667,0.4125981629,0.4129591882,-0.0003610253
hsa-mir-3668,0.3007138371,0.3007110357,0.0000028014
hsa-mir-3670-1,0.3045827150,0.3045839071,-0.0000011921
hsa-mir-3671,0.3148429692,0.3148255348,0.0000174344
hsa-mir-3672,0.3000885546,0.3000855744,0.0000029802
hsa-mir-3674,0.3020398021,0.3020378947,0.0000019073
hsa-mir-3675,0.3341464996,0.3341321647,0.0000143349
hsa-mir-3677,0.3122474253,0.3122578859,-0.0000104606
hsa-mir-3678,0.3636086285,0.3635815382,0.0000270903
hsa-mir-3679,0.3012055159,0.3012077212,-0.0000022054
hsa-mir-3680-1,0.2998495400,0.2998857796,-0.0000362396
hsa-mir-3681,0.3078475296,0.3078578413,-0.0000103116
hsa-mir-3682,0.2995367348,0.2995728850,-0.0000361502
hsa-mir-3683,0.3017782569,0.3017798066,-0.0000015497
hsa-mir-3684,0.2997112274,0.2997392416,-0.0000280142
hsa-mir-3685,0.6806750298,0.6807063222,-0.0000312924
hsa-mir-3686,0.3288947046,0.3291212320,-0.0002265275
hsa-mir-3688-1,0.2988728881,0.2988733351,-0.0000004470
hsa-mir-3689a,0.3402733803,0.3405016363,-0.0002282560
hsa-mir-3690-1,0.2999783456,0.2999784648,-0.0000001192
hsa-mir-3691,0.3703222275,0.3703072965,0.0000149310
hsa-mir-3692,0.3006869256,0.3006871641,-0.0000002384
hsa-mir-3713,0.4588659108,0.4593066871,-0.0004407763
hsa-mir-3714,0.3005012870,0.3005037904,-0.0000025034
hsa-mir-3180-4,0.3265383244,0.3265361488,0.0000021756
hsa-mir-3180-5,0.3308019936,0.3307979405,0.0000040531
hsa-mir-3907,0.3048208058,0.3048272431,-0.0000064373
hsa-mir-3689b,0.2999011874,0.2999037802,-0.0000025928
hsa-mir-3908,0.3195011318,0.3194750547,0.0000260770
hsa-mir-3909,0.3172280192,0.3172276616,0.0000003576
hsa-mir-3910-1,0.2986947894,0.2986951768,-0.0000003874
hsa-mir-3911,0.3680913448,0.3680763543,0.0000149906
hsa-mir-3912,0.3435052931,0.3434906900,0.0000146031
hsa-mir-3913-1,0.3433604836,0.3435973227,-0.0002368391
hsa-mir-3913-2,0.4924852550,0.4928353429,-0.0003500879
hsa-mir-3914-1,0.2991535068,0.2991568148,-0.0000033081
hsa-mir-3915,0.3291056454,0.3290792406,0.0000264049
hsa-mir-3914-2,0.3875432014,0.3877860606,-0.0002428591
hsa-mir-3916,0.2995196581,0.2995173037,0.0000023544
hsa-mir-3917,0.3158623874,0.3160646856,-0.0002022982
hsa-mir-3918,0.3007416427,0.3007932007,-0.0000515580
hsa-mir-3919,0.3199686706,0.3201822639,-0.0002135932
hsa-mir-3150b,0.3287590146,0.3287515044,0.0000075102
hsa-mir-3920,0.3752759397,0.3752486408,0.0000272989
hsa-mir-3921,0.3087224066,0.3089185655,-0.0001961589
hsa-mir-3922,0.3195156157,0.3195259273,-0.0000103116
hsa-mir-3923,0.3557819426,0.3560130000,-0.0002310574
hsa-mir-3910-2,0.3009985387,0.3009943664,0.0000041723
hsa-mir-3924,0.3053707480,0.3053704798,0.0000002682
hsa-mir-3925,0.3173586130,0.3175716698,-0.0002130568
hsa-mir-3926-1,0.3847239614,0.3849665225,-0.0002425611
hsa-mir-3927,0.3626339734,0.3628662229,-0.0002322495
hsa-mir-676,0.4369370937,0.4373249412,-0.0003878474
hsa-mir-3926-2,0.3531039655,0.3533346653,-0.0002306998
hsa-mir-3928,0.5798491836,0.5802647471,-0.0004155636
hsa-mir-3929,0.4492118061,0.4496309757,-0.0004191697
hsa-mir-3934,0.3436159790,0.3438435495,-0.0002275705
hsa-mir-3935,0.3130514324,0.3130511045,0.0000003278
hsa-mir-3936,0.3329425752,0.3329280615,0.0000145137
hsa-mir-3937,0.3553097248,0.3555407822,-0.0002310574
hsa-mir-3938,0.3489773571,0.3492152989,-0.0002379417
hsa-mir-548y,0.3003687263,0.3003683984,0.0000003278
hsa-mir-3939,0.3479208648,0.3479062319,0.0000146329
hsa-mir-3940,0.3006330431,0.3007071018,-0.0000740588
hsa-mir-3941,0.3253796995,0.3256013989,-0.0002216995
hsa-mir-3942,0.3504577875,0.3506951630,-0.0002373755
hsa-mir-3943,0.3003017604,0.3003042340,-0.0000024736
hsa-mir-3944,0.3397930264,0.3397854567,0.0000075698
hsa-mir-3945,0.3318704665,0.3318558931,0.0000145733
hsa-mir-374c,0.3753094077,0.3755507171,-0.0002413094
hsa-mir-642b,0.3003194034,0.3003196418,-0.0000002384
hsa-mir-550b-1,0.3003145456,0.3003525734,-0.0000380278
hsa-mir-550b-2,0.3000487387,0.3000510931,-0.0000023544
hsa-mir-548z,0.3283034563,0.3282771707,0.0000262856
hsa-mir-548aa-1,0.4092820585,0.4095772505,-0.0002951920
hsa-mir-548aa-2,0.4702778459,0.4706095755,-0.0003317297
hsa-mir-548o-2,0.3833318651,0.3835742176,-0.0002423525
hsa-mir-1268b,0.4067929089,0.4070887268,-0.0002958179
hsa-mir-378d-1,0.6540665627,0.6543509364,-0.0002843738
hsa-mir-378e,0.3741317391,0.3743729293,-0.0002411902
hsa-mir-548h-5,0.4836423397,0.4840857983,-0.0004434586
hsa-mir-548ab,0.3172551990,0.3172478080,0.0000073910
hsa-mir-4418,0.4259068966,0.4262609482,-0.0003540516
hsa-mir-378f,0.3340514302,0.3342777789,-0.0002263486
hsa-mir-4420,0.3455180526,0.3455034196,0.0000146329
hsa-mir-4421,0.3009708226,0.3010224700,-0.0000516474
hsa-mir-4422,0.3359042704,0.3361323774,-0.0002281070
hsa-mir-4423,0.3967694640,0.3970305324,-0.0002610683
hsa-mir-378g,0.6686024070,0.6686574817,-0.0000550747
hsa-mir-548ac,0.2999047041,0.2999031246,0.0000015795
hsa-mir-4424,0.3426783383,0.3429070711,-0.0002287328
hsa-mir-4425,0.3031684160,0.3031695485,-0.0000011325
hsa-mir-4426,0.3907036781,0.3909468651,-0.0002431870
hsa-mir-4427,0.3123147190,0.3125161231,-0.0002014041
hsa-mir-4428,0.3000977039,0.3001173139,-0.0000196099
hsa-mir-4429,0.3149063885,0.3151096702,-0.0002032816
hsa-mir-4430,0.3141569495,0.3143587708,-0.0002018213
hsa-mir-548ad,0.3257404566,0.3259662390,-0.0002257824
hsa-mir-4431,0.3481858373,0.3484156132,-0.0002297759
hsa-mir-4432,0.3732227385,0.3732077479,0.0000149906
hsa-mir-4433a,0.4018879235,0.4021393061,-0.0002513826
hsa-mir-4434,0.7755892277,0.7755715847,0.0000176430
hsa-mir-4435-1,0.3762190938,0.3764604926,-0.0002413988
hsa-mir-4436a,0.6798270941,0.6798620224,-0.0000349283
hsa-mir-4435-2,0.3806085885,0.3808433115,-0.0002347231
hsa-mir-4437,0.3083978593,0.3085928559,-0.0001949966
hsa-mir-548ae-1,0.3573479652,0.3575865924,-0.0002386272
hsa-mir-548ae-2,0.3309235573,0.3311505914,-0.0002270341
hsa-mir-4438,0.3301032186,0.3303370774,-0.0002338588
hsa-mir-4439,0.3273462057,0.3273386955,0.0000075102
hsa-mir-4440,0.3286108375,0.3285963535,0.0000144839
hsa-mir-4441,0.3192449212,0.3192445934,0.0000003278
hsa-mir-4442,0.5509235859,0.5513750315,-0.0004514456
hsa-mir-4443,0.3552632034,0.3555021882,-0.0002389848
hsa-mir-4444-1,0.3139171004,0.3139203787,-0.0000032783
hsa-mir-4445,0.3006690145,0.3006692529,-0.0000002384
hsa-mir-4446,0.5884988904,0.5889246464,-0.0004257560
hsa-mir-4447,0.3350443840,0.3350298107,0.0000145733
hsa-mir-4448,0.3001424968,0.3001426458,-0.0000001490
hsa-mir-4449,0.3011382520,0.3011412621,-0.0000030100
hsa-mir-548ag-1,0.3046260178,0.3047918379,-0.0001658201
hsa-mir-548ag-2,0.3041627407,0.3041610122,0.0000017285
hsa-mir-4450,0.3005649447,0.3005652130,-0.0000002682
hsa-mir-548ah,0.3003881276,0.3003851175,0.0000030100
hsa-mir-4451,0.4131263793,0.4134671688,-0.0003407896
hsa-mir-4452,0.5473511219,0.5477367640,-0.0003856421
hsa-mir-4453,0.3014947474,0.3014969826,-0.0000022352
hsa-mir-4454,0.3893549740,0.3895980120,-0.0002430379
hsa-mir-4455,0.4956901968,0.4960894287,-0.0003992319
hsa-mir-4456,0.4086079895,0.4089038670,-0.0002958775
hsa-mir-4457,0.3761081994,0.3763496280,-0.0002414286
hsa-mir-4458,0.3014249802,0.3014237285,0.0000012517
hsa-mir-4460,0.3014442325,0.3014442325,0.0000000000
hsa-mir-378h,0.3032888174,0.3032867014,0.0000021160
hsa-mir-3135b,0.3580206335,0.3582529128,-0.0002322793
hsa-mir-4462,0.5008502603,0.5013052821,-0.0004550219
hsa-mir-4463,0.4095017314,0.4097957611,-0.0002940297
hsa-mir-4464,0.3545193672,0.3544926047,0.0000267625
hsa-mir-548ai,0.3014168739,0.3014088869,0.0000079870
hsa-mir-548aj-1,0.3558499813,0.3560797274,-0.0002297461
hsa-mir-548aj-2,0.3010882735,0.3010831773,0.0000050962
hsa-mir-4465,0.4149370790,0.4152765572,-0.0003394783
hsa-mir-4466,0.4332249165,0.4336330295,-0.0004081130
hsa-mir-4467,0.3394808173,0.3397096395,-0.0002288222
hsa-mir-4468,0.3163130581,0.3165155053,-0.0002024472
hsa-mir-4469,0.3371858895,0.3371783495,0.0000075400
hsa-mir-4470,0.3005861342,0.3006226718,-0.0000365376
hsa-mir-4471,0.3025868833,0.3025847375,0.0000021458
hsa-mir-4472-1,0.2997255921,0.2997396290,-0.0000140369
hsa-mir-4472-2,0.2998836935,0.2998838127,-0.0000001192
hsa-mir-4473,0.3117682040,0.3117681444,0.0000000596
hsa-mir-4474,0.4827043414,0.4831550717,-0.0004507303
hsa-mir-4475,0.3446889520,0.3449181318,-0.0002291799
hsa-mir-4476,0.3996271193,0.3998852670,-0.0002581477
hsa-mir-4477a,0.3378400803,0.3380664885,-0.0002264082
hsa-mir-4477b,0.3538586497,0.3540894389,-0.0002307892
hsa-mir-4478,0.3046606183,0.3046649098,-0.0000042915
hsa-mir-3689c,0.3393667936,0.3393521905,0.0000146031
hsa-mir-548x-2,0.3017371893,0.3017308414,0.0000063479
hsa-mir-3689d-1,0.3456151187,0.3456073999,0.0000077188
hsa-mir-3689d-2,0.4340243638,0.4344120920,-0.0003877282
hsa-mir-3689e,0.3037687838,0.3037666082,0.0000021756
hsa-mir-3689f,0.3398153484,0.3400442898,-0.0002289414
hsa-mir-4479,0.3164774776,0.3166809678,-0.0002034903
hsa-mir-3155b,0.3920382261,0.3922741413,-0.0002359152
hsa-mir-548ak,0.4536238611,0.4540467560,-0.0004228950
hsa-mir-4480,0.3038070798,0.3038072884,-0.0000002086
hsa-mir-4481,0.3711646497,0.3713981211,-0.0002334714
hsa-mir-4482,0.3886147439,0.3888576329,-0.0002428889
hsa-mir-4483,0.4717911780,0.4722431898,-0.0004520118
hsa-mir-4484,0.5800754428,0.5804268718,-0.0003514290
hsa-mir-4485,0.3497627378,0.3499994576,-0.0002367198
hsa-mir-4486,0.3007671833,0.3007675707,-0.0000003874
hsa-mir-4487,0.3018793762,0.3019780219,-0.0000986457
hsa-mir-4488,0.3854980469,0.3854830265,0.0000150204
hsa-mir-4489,0.3035299182,0.3035311103,-0.0000011921
hsa-mir-548al,0.3640478253,0.3642875254,-0.0002397001
hsa-mir-4490,0.3013503850,0.3013520837,-0.0000016987
hsa-mir-4491,0.3002383411,0.3002748489,-0.0000365078
hsa-mir-4492,0.5477300286,0.5481742620,-0.0004442334
hsa-mir-4493,0.3220680058,0.3220677376,0.0000002682
hsa-mir-4494,0.3998143077,0.4000746310,-0.0002603233
hsa-mir-4495,0.3326584995,0.3326509297,0.0000075698
hsa-mir-4496,0.5105919242,0.5110448599,-0.0004529357
hsa-mir-4497,0.3011413217,0.3011771739,-0.0000358522
hsa-mir-4498,0.3209967613,0.3212092817,-0.0002125204
hsa-mir-4499,0.3207863271,0.3207720220,0.0000143051
hsa-mir-4500,0.3038221300,0.3038199544,0.0000021756
hsa-mir-4501,0.3400998414,0.3403359652,-0.0002361238
hsa-mir-4502,0.3056999445,0.3057028353,-0.0000028908
hsa-mir-4503,0.3180440962,0.3180297315,0.0000143647
hsa-mir-4504,0.3074322343,0.3076255918,-0.0001933575
hsa-mir-4505,0.3265811801,0.3265737593,0.0000074208
hsa-mir-4506,0.3470468223,0.3472749591,-0.0002281368
hsa-mir-2392,0.4915241599,0.4919975400,-0.0004733801
hsa-mir-4507,0.6574225426,0.6575363278,-0.0001137853
hsa-mir-4508,0.3322993219,0.3322918415,0.0000074804
hsa-mir-4509-1,0.3257623613,0.3257479370,0.0000144243
hsa-mir-4509-2,0.3257623613,0.3257479370,0.0000144243
hsa-mir-4509-3,0.3257623613,0.3257479370,0.0000144243
hsa-mir-4510,0.3192968667,0.3195103109,-0.0002134442
hsa-mir-4511,0.3593949676,0.3593800962,0.0000148714
hsa-mir-4512,0.3853428662,0.3853277564,0.0000151098
hsa-mir-4513,0.3843148053,0.3842873871,0.0000274181
hsa-mir-4514,0.3654102385,0.3656501472,-0.0002399087
hsa-mir-4515,0.3226408958,0.3228646517,-0.0002237558
hsa-mir-4516,0.3048026264,0.3049685061,-0.0001658797
hsa-mir-4517,0.3426881135,0.3429169059,-0.0002287924
hsa-mir-4518,0.3184882402,0.3184879720,0.0000002682
hsa-mir-4519,0.3589082360,0.3591479361,-0.0002397001
hsa-mir-4520-1,0.5445740223,0.5449816585,-0.0004076362
hsa-mir-4521,0.3648868203,0.3651266396,-0.0002398193
hsa-mir-1269b,0.3462678790,0.3462532163,0.0000146627
hsa-mir-4522,0.3503558934,0.3503410816,0.0000148118
hsa-mir-4523,0.3125925660,0.3127941489,-0.0002015829
hsa-mir-4524a,0.3997467160,0.4000051916,-0.0002584755
hsa-mir-4525,0.3012358546,0.3012382090,-0.0000023544
hsa-mir-4526,0.3436610401,0.3436535001,0.0000075400
hsa-mir-4527,0.3515960574,0.3518335819,-0.0002375245
hsa-mir-4528,0.3509128392,0.3511503041,-0.0002374649
hsa-mir-4529,0.3015160859,0.3015930653,-0.0000769794
hsa-mir-4530,0.3081642389,0.3083510697,-0.0001868308
hsa-mir-4531,0.4482486844,0.4486716986,-0.0004230142
hsa-mir-4533,0.3479712009,0.3482089341,-0.0002377331
hsa-mir-4534,0.7331290245,0.7331089377,0.0000200868
hsa-mir-378i,0.3038524389,0.3038535416,-0.0000011027
hsa-mir-4535,0.3099234998,0.3099319935,-0.0000084937
hsa-mir-548am,0.3471982479,0.3471834958,0.0000147521
hsa-mir-1587,0.3242730498,0.3244973123,-0.0002242625
hsa-mir-4536-1,0.3785873353,0.3785599768,0.0000273585
hsa-mir-548an,0.2993778288,0.2993812263,-0.0000033975
hsa-mir-4537,0.3977985084,0.3980528116,-0.0002543032
hsa-mir-4538,0.3087965846,0.3089916408,-0.0001950562
hsa-mir-4539,0.3511205614,0.3513494730,-0.0002289116
hsa-mir-4540,0.4244662225,0.4248182774,-0.0003520548
hsa-mir-3960,0.4215540886,0.4215387702,0.0000153184
hsa-mir-3972,0.5595664382,0.5599280000,-0.0003615618
hsa-mir-3973,0.3413867652,0.3413721323,0.0000146329
hsa-mir-3974,0.3009827137,0.3009816706,0.0000010431
hsa-mir-3975,0.3818393350,0.3820814192,-0.0002420843
hsa-mir-3976,0.3663217127,0.3662945330,0.0000271797
hsa-mir-3977,0.3917543590,0.3919976354,-0.0002432764
hsa-mir-3978,0.3138924539,0.3141018748,-0.0002094209
hsa-mir-4632,0.3188988864,0.3188985586,0.0000003278
hsa-mir-4633,0.3130181432,0.3132198155,-0.0002016723
hsa-mir-4634,0.3631544709,0.3631466925,0.0000077784
hsa-mir-4635,0.3013433814,0.3013455272,-0.0000021458
hsa-mir-4636,0.4894759953,0.4899392426,-0.0004632473
hsa-mir-4637,0.2989984751,0.2990181446,-0.0000196695
hsa-mir-4638,0.3072089255,0.3072222769,-0.0000133514
hsa-mir-4639,0.4875294864,0.4879630208,-0.0004335344
hsa-mir-4640,0.2999170423,0.2999210358,-0.0000039935
hsa-mir-4641,0.3018658757,0.3019453883,-0.0000795126
hsa-mir-4642,0.3913225234,0.3913074732,0.0000150502
hsa-mir-4643,0.2996802926,0.2996804416,-0.0000001490
hsa-mir-4644,0.3998639882,0.4001184404,-0.0002544522
hsa-mir-4645,0.2991481423,0.2991511524,-0.0000030100
hsa-mir-4646,0.3136194348,0.3136225045,-0.0000030696
hsa-mir-4647,0.3015032113,0.3015026152,0.0000005960
hsa-mir-4648,0.3198056519,0.3200179040,-0.0002122521
hsa-mir-4649,0.3940163851,0.3942524195,-0.0002360344
hsa-mir-4650-1,0.3371217251,0.3371140957,0.0000076294
hsa-mir-4650-2,0.3371217251,0.3371140957,0.0000076294
hsa-mir-4651,0.3030244410,0.3030242324,0.0000002086
hsa-mir-4652,0.4580043554,0.4584457576,-0.0004414022
hsa-mir-4653,0.6153457165,0.6157067418,-0.0003610253
hsa-mir-4654,0.3051806688,0.3051879704,-0.0000073016
hsa-mir-4655,0.3255199194,0.3255124390,0.0000074804
hsa-mir-4656,0.3015370369,0.3015365303,0.0000005066
hsa-mir-4657,0.5661663413,0.5665250421,-0.0003587008
hsa-mir-4658,0.3133026659,0.3135043383,-0.0002016723
hsa-mir-4659a,0.2998186648,0.2998187840,-0.0000001192
hsa-mir-4660,0.3487624824,0.3489910364,-0.0002285540
hsa-mir-4661,0.3024325371,0.3025496602,-0.0001171231
hsa-mir-4662a,0.3443163037,0.3445524871,-0.0002361834
hsa-mir-4659b,0.3234384954,0.3236638904,-0.0002253950
hsa-mir-4663,0.3470778465,0.3470702171,0.0000076294
hsa-mir-4662b,0.3120990396,0.3123016655,-0.0002026260
hsa-mir-4664,0.3625719547,0.3628049791,-0.0002330244
hsa-mir-4665,0.3458171189,0.3458095491,0.0000075698
hsa-mir-4666a,0.2995953262,0.2996265888,-0.0000312626
hsa-mir-4667,0.3873203099,0.3875631094,-0.0002427995
hsa-mir-4668,0.3249130249,0.3251387477,-0.0002257228
hsa-mir-219b,0.3023554683,0.3023571670,-0.0000016987
hsa-mir-4669,0.4213364720,0.4216988981,-0.0003624260
hsa-mir-4670,0.2996860445,0.2996925712,-0.0000065267
hsa-mir-4671,0.3252080083,0.3254338205,-0.0002258122
hsa-mir-4672,0.3549643457,0.3551960588,-0.0002317131
hsa-mir-4673,0.3961811364,0.3964387774,-0.0002576411
hsa-mir-4674,0.3097596169,0.3099549115,-0.0001952946
hsa-mir-4675,0.3803036511,0.3805383742,-0.0002347231
hsa-mir-4676,0.3366927803,0.3369210362,-0.0002282560
hsa-mir-4677,0.6227729917,0.6231046915,-0.0003316998
hsa-mir-4678,0.3019963503,0.3019924760,0.0000038743
hsa-mir-4679-1,0.3153673410,0.3153669536,0.0000003874
hsa-mir-4679-2,0.3430500329,0.3432867229,-0.0002366900
hsa-mir-4680,0.3952582479,0.3954921067,-0.0002338588
hsa-mir-4681,0.3005616069,0.3005619943,-0.0000003874
hsa-mir-4682,0.3740033507,0.3742366135,-0.0002332628
hsa-mir-4683,0.3189709187,0.3189706504,0.0000002682
hsa-mir-4684,0.3002561629,0.3002562821,-0.0000001192
hsa-mir-4685,0.3007687628,0.3007712364,-0.0000024736
hsa-mir-4686,0.3934815526,0.3937250674,-0.0002435148
hsa-mir-4687,0.3290613890,0.3292866349,-0.0002252460
hsa-mir-1343,0.3035494387,0.3035506904,-0.0000012517
hsa-mir-4688,0.3031632304,0.3031629026,0.0000003278
hsa-mir-4689,0.3063237667,0.3064899445,-0.0001661777
hsa-mir-4690,0.3725953996,0.3728291392,-0.0002337396
hsa-mir-4691,0.4419581592,0.4423529804,-0.0003948212
hsa-mir-4692,0.3744018674,0.3746357560,-0.0002338886
hsa-mir-4693,0.4652034044,0.4656333029,-0.0004298985
hsa-mir-4694,0.3000251055,0.3000621796,-0.0000370741
hsa-mir-4695,0.3003244996,0.3003268540,-0.0000023544
hsa-mir-4696,0.3109837174,0.3109835982,0.0000001192
hsa-mir-4697,0.2999151349,0.2999152839,-0.0000001490
hsa-mir-4698,0.5345115066,0.5349434614,-0.0004319549
hsa-mir-4699,0.3014086187,0.3014069200,0.0000016987
hsa-mir-4700,0.4041428268,0.4041276574,0.0000151694
hsa-mir-4701,0.4369841218,0.4373587668,-0.0003746450
hsa-mir-3198-2,0.7082419991,0.7082199454,0.0000220537
hsa-mir-4703,0.2990921438,0.2991061807,-0.0000140369
hsa-mir-4704,0.3132997453,0.3132994771,0.0000002682
hsa-mir-4705,0.2996633351,0.2996823788,-0.0000190437
hsa-mir-4706,0.3778599203,0.3778448999,0.0000150204
hsa-mir-4707,0.3432087600,0.3432011008,0.0000076592
hsa-mir-4708,0.3606596589,0.3606448472,0.0000148118
hsa-mir-4709,0.3014539182,0.3014560044,-0.0000020862
hsa-mir-203b,0.3061413169,0.3061442077,-0.0000028908
hsa-mir-4710,0.4053095281,0.4056052566,-0.0002957284
hsa-mir-4711,0.3026926219,0.3028373122,-0.0001446903
hsa-mir-4712,0.3855936825,0.3855785728,0.0000151098
hsa-mir-4713,0.5871589780,0.5875713229,-0.0004123449
hsa-mir-4714,0.3722482920,0.3724818826,-0.0002335906
hsa-mir-4715,0.3032107055,0.3032118678,-0.0000011623
hsa-mir-4716,0.3621643484,0.3623963892,-0.0002320409
hsa-mir-3529,0.3474997878,0.3477294743,-0.0002296865
hsa-mir-4717,0.3916964531,0.3919320405,-0.0002355874
hsa-mir-4718,0.3401824236,0.3404113650,-0.0002289414
hsa-mir-4719,0.3382780552,0.3385018408,-0.0002237856
hsa-mir-4720,0.3066892624,0.3068695366,-0.0001802742
hsa-mir-4721,0.3035461009,0.3035474122,-0.0000013113
hsa-mir-4722,0.3003477454,0.3003500998,-0.0000023544
hsa-mir-4520-2,0.4622220993,0.4626596868,-0.0004375875
hsa-mir-4723,0.3443907499,0.3443761170,0.0000146329
hsa-mir-451b,0.4142583907,0.4146223068,-0.0003639162
hsa-mir-4724,0.4338560700,0.4342292845,-0.0003732145
hsa-mir-4725,0.5254833102,0.5259326100,-0.0004492998
hsa-mir-4726,0.4088370800,0.4091730118,-0.0003359318
hsa-mir-4727,0.3185824454,0.3187944293,-0.0002119839
hsa-mir-4728,0.3462612033,0.3464985490,-0.0002373457
hsa-mir-4729,0.3087963462,0.3089912534,-0.0001949072
hsa-mir-4730,0.4206398726,0.4210041761,-0.0003643036
hsa-mir-4731,0.3335719109,0.3337981999,-0.0002262890
hsa-mir-4732,0.3171242774,0.3173371255,-0.0002128482
hsa-mir-4733,0.7135033607,0.7135181427,-0.0000147820
hsa-mir-4734,0.3339854181,0.3342117667,-0.0002263486
hsa-mir-4735,0.4249073267,0.4253002107,-0.0003928840
hsa-mir-4736,0.4823646545,0.4828095138,-0.0004448593
hsa-mir-4737,0.4082542658,0.4082391262,0.0000151396
hsa-mir-3064,0.4018107653,0.4020723403,-0.0002615750
hsa-mir-4738,0.3177725673,0.3177722394,0.0000003278
hsa-mir-4739,0.4966306388,0.4970939755,-0.0004633367
hsa-mir-4740,0.3009411097,0.3009436131,-0.0000025034
hsa-mir-4741,0.3530491590,0.3530414999,0.0000076592
hsa-mir-4742,0.3320376277,0.3320230842,0.0000145435
hsa-mir-4743,0.3181472421,0.3181469142,0.0000003278
hsa-mir-4744,0.3439170122,0.3441459239,-0.0002289116
hsa-mir-122b,0.3548858464,0.3551240265,-0.0002381802
hsa-mir-4745,0.4437233806,0.4437080622,0.0000153184
hsa-mir-4746,0.3025023639,0.3025017083,0.0000006557
hsa-mir-4747,0.4908301234,0.4912826419,-0.0004525185
hsa-mir-4748,0.2999487817,0.2999852598,-0.0000364780
hsa-mir-4749,0.3332051933,0.3331976235,0.0000075698
hsa-mir-4750,0.3228422999,0.3230554163,-0.0002131164
hsa-mir-4751,0.3004502058,0.3004504442,-0.0000002384
hsa-mir-4752,0.4628389180,0.4632927775,-0.0004538596
hsa-mir-4753,0.3429224193,0.3429077566,0.0000146627
hsa-mir-371b,0.3012838960,0.3012859821,-0.0000020862
hsa-mir-4754,0.3287653029,0.3289905488,-0.0002252460
hsa-mir-4755,0.4490889311,0.4495237768,-0.0004348457
hsa-mir-499b,0.3512450457,0.3512302637,0.0000147820
hsa-mir-4756,0.3118698597,0.3118695021,0.0000003576
hsa-mir-4757,0.3384910822,0.3384835124,0.0000075698
hsa-mir-4758,0.5105711818,0.5110472441,-0.0004760623
hsa-mir-4759,0.2991402745,0.2991698086,-0.0000295341
hsa-mir-4760,0.3258245587,0.3260505199,-0.0002259612
hsa-mir-4761,0.3382410407,0.3384675086,-0.0002264678
hsa-mir-4762,0.2998484373,0.2998485565,-0.0000001192
hsa-mir-4763,0.3820986450,0.3823336065,-0.0002349615
hsa-mir-4764,0.3041815460,0.3043472469,-0.0001657009
hsa-mir-4765,0.2997664511,0.2997666299,-0.0000001788
hsa-mir-4766,0.2994376421,0.2994515598,-0.0000139177
hsa-mir-4767,0.3620738089,0.3623067737,-0.0002329648
hsa-mir-4768,0.3675287068,0.3677616119,-0.0002329051
hsa-mir-4769,0.4149624109,0.4153254032,-0.0003629923
hsa-mir-4770,0.3832139373,0.3834563196,-0.0002423823
hsa-mir-4771-1,0.5130261779,0.5134785771,-0.0004523993
hsa-mir-4771-2,0.5130261779,0.5134785771,-0.0004523993
hsa-mir-4772,0.2998245358,0.2998277247,-0.0000031888
hsa-mir-4773-1,0.3825365603,0.3827730417,-0.0002364814
hsa-mir-4773-2,0.3986473680,0.3988984227,-0.0002510548
hsa-mir-4774,0.5928168893,0.5931623578,-0.0003454685
hsa-mir-4775,0.3804138005,0.3806558847,-0.0002420843
hsa-mir-4776-1,0.3216883838,0.3216881156,0.0000002682
hsa-mir-4776-2,0.3137215674,0.3137211800,0.0000003874
hsa-mir-4777,0.3032110929,0.3032072783,0.0000038147
hsa-mir-4778,0.3044207692,0.3045865297,-0.0001657605
hsa-mir-4779,0.4196221828,0.4199835062,-0.0003613234
hsa-mir-4780,0.3031634986,0.3031647503,-0.0000012517
hsa-mir-4436b-1,0.5056650639,0.5061200261,-0.0004549623
hsa-mir-4781,0.4325786233,0.4329817295,-0.0004031062
hsa-mir-4782,0.3034116030,0.3034077883,0.0000038147
hsa-mir-4783,0.3453760147,0.3453683853,0.0000076294
hsa-mir-4784,0.3303411901,0.3303337395,0.0000074506
hsa-mir-4785,0.3498826027,0.3498749733,0.0000076294
hsa-mir-1245b,0.3384446204,0.3386723995,-0.0002277792
hsa-mir-2467,0.3787456453,0.3789803088,-0.0002346635
hsa-mir-4786,0.3001700640,0.3001724184,-0.0000023544
hsa-mir-4787,0.3305296600,0.3307566047,-0.0002269447
hsa-mir-4788,0.3022587895,0.3022600412,-0.0000012517
hsa-mir-4789,0.2995482385,0.2995847166,-0.0000364780
hsa-mir-4790,0.3643977642,0.3646302223,-0.0002324581
hsa-mir-4791,0.3015307486,0.3015295863,0.0000011623
hsa-mir-4793,0.3688464165,0.3690782189,-0.0002318025
hsa-mir-4794,0.3172537386,0.3172533810,0.0000003576
hsa-mir-4795,0.3168939948,0.3170967698,-0.0002027750
hsa-mir-4796,0.3303690851,0.3303546309,0.0000144541
hsa-mir-4797,0.3243617713,0.3245872855,-0.0002255142
hsa-mir-4798,0.3500978947,0.3503279686,-0.0002300739
hsa-mir-4799,0.3211402893,0.3213542104,-0.0002139211
hsa-mir-3688-2,0.3878191113,0.3878040314,0.0000150800
hsa-mir-4800,0.3468878567,0.3468731046,0.0000147521
hsa-mir-4801,0.3434737921,0.3437098265,-0.0002360344
hsa-mir-4802,0.3017235100,0.3017250597,-0.0000015497
hsa-mir-4803,0.2995623350,0.2995947003,-0.0000323653
hsa-mir-4804,0.6254507899,0.6257628798,-0.0003120899
hsa-mir-4999,0.3005203903,0.3005153537,0.0000050366
hsa-mir-5000,0.3380612135,0.3380466700,0.0000145435
hsa-mir-5001,0.4355104268,0.4354951680,0.0000152588
hsa-mir-5002,0.3294370770,0.3294106722,0.0000264049
hsa-mir-5003,0.3856258988,0.3858568072,-0.0002309084
hsa-mir-5004,0.3030737936,0.3030716777,0.0000021160
hsa-mir-548ao,0.3113078177,0.3112989068,0.0000089109
hsa-mir-5006,0.3598793745,0.3598645627,0.0000148118
hsa-mir-5007,0.3022608161,0.3022547960,0.0000060201
hsa-mir-548ap,0.3273127079,0.3272864521,0.0000262558
hsa-mir-5008,0.3182349205,0.3184468150,-0.0002118945
hsa-mir-5009,0.2987470329,0.2987598181,-0.0000127852
hsa-mir-5010,0.3511255682,0.3511108756,0.0000146925
hsa-mir-5011,0.3323058486,0.3322913647,0.0000144839
hsa-mir-5047,0.3084272146,0.3084270656,0.0000001490
hsa-mir-5087,0.3175328374,0.3175325692,0.0000002682
hsa-mir-5088,0.3196925223,0.3196922541,0.0000002682
hsa-mir-5089,0.3455834985,0.3458136022,-0.0002301037
hsa-mir-5090,0.4101366699,0.4104691148,-0.0003324449
hsa-mir-5091,0.3086847365,0.3086877167,-0.0000029802
hsa-mir-5092,0.5513914824,0.5518162847,-0.0004248023
hsa-mir-5093,0.2997965515,0.2997966707,-0.0000001192
hsa-mir-5094,0.3688330352,0.3688181341,0.0000149012
hsa-mir-5186,0.3174283206,0.3176412582,-0.0002129376
hsa-mir-5187,0.3328008354,0.3327863216,0.0000145137
hsa-mir-5188,0.3200868368,0.3200725317,0.0000143051
hsa-mir-5189,0.3923267722,0.3925627470,-0.0002359748
hsa-mir-5190,0.3324064612,0.3326324821,-0.0002260208
hsa-mir-5191,0.4560796022,0.4565537572,-0.0004741549
hsa-mir-5192,0.3114504516,0.3114565015,-0.0000060499
hsa-mir-5193,0.4251992404,0.4251839221,0.0000153184
hsa-mir-5194,0.5411897898,0.5415565968,-0.0003668070
hsa-mir-5195,0.4574104548,0.4578633606,-0.0004529059
hsa-mir-5196,0.3550727367,0.3550579548,0.0000147820
hsa-mir-5197,0.3133491874,0.3135541975,-0.0002050102
hsa-mir-4436b-2,0.5056650639,0.5061200261,-0.0004549623
hsa-mir-4444-2,0.3139171004,0.3139203787,-0.0000032783
hsa-mir-3670-2,0.3045827150,0.3045839071,-0.0000011921
hsa-mir-3680-2,0.2998495400,0.2998857796,-0.0000362396
hsa-mir-4524b,0.3018936515,0.3018902242,0.0000034273
hsa-mir-5571,0.3043706417,0.3045364618,-0.0001658201
hsa-mir-5100,0.2999526262,0.2999527454,-0.0000001192
hsa-mir-5572,0.3511604667,0.3511528373,0.0000076294
hsa-mir-548aq,0.4648301303,0.4652756155,-0.0004454851
hsa-mir-548ar,0.3670594692,0.3672996461,-0.0002401769
hsa-mir-548as,0.3672944605,0.3675346971,-0.0002402365
hsa-mir-5579,0.5477042198,0.5481452942,-0.0004410744
hsa-mir-664b,0.2996161580,0.2996193469,-0.0000031888
hsa-mir-5580,0.4639181793,0.4643620849,-0.0004439056
hsa-mir-5581,0.3060508370,0.3060571551,-0.0000063181
hsa-mir-548at,0.4237662554,0.4241178036,-0.0003515482
hsa-mir-5582,0.3394388556,0.3396668434,-0.0002279878
hsa-mir-5583-1,0.4629488885,0.4633720517,-0.0004231632
hsa-mir-5583-2,0.3542870879,0.3545180261,-0.0002309382
hsa-mir-5584,0.3993230164,0.3995842934,-0.0002612770
hsa-mir-5585,0.4735434353,0.4739751816,-0.0004317462
hsa-mir-5586,0.4198741019,0.4202258885,-0.0003517866
hsa-mir-5587,0.5635102391,0.5639417768,-0.0004315376
hsa-mir-548au,0.3932704031,0.3935138583,-0.0002434552
hsa-mir-1295b,0.3420092463,0.3422364891,-0.0002272427
hsa-mir-5588,0.7661519647,0.7661348581,0.0000171065
hsa-mir-5589,0.3753556907,0.3755970299,-0.0002413392
hsa-mir-4536-2,0.3350802660,0.3350537717,0.0000264943
hsa-mir-5590,0.6969057918,0.6968875527,0.0000182390
hsa-mir-5591,0.3019937277,0.3019930720,0.0000006557
hsa-mir-548av,0.6583601832,0.6586101651,-0.0002499819
hsa-mir-5680,0.3373634517,0.3375918567,-0.0002284050
hsa-mir-5681a,0.3508090377,0.3510401249,-0.0002310872
hsa-mir-5682,0.3000580072,0.3000602126,-0.0000022054
hsa-mir-548aw,0.3948472738,0.3950892687,-0.0002419949
hsa-mir-5683,0.3600629866,0.3602947891,-0.0002318025
hsa-mir-5684,0.3537595272,0.3539889455,-0.0002294183
hsa-mir-548ax,0.3186366558,0.3186363876,0.0000002682
hsa-mir-5685,0.3239077926,0.3241318762,-0.0002240837
hsa-mir-5692c-1,0.3410227001,0.3412511647,-0.0002284646
hsa-mir-5692c-2,0.3726848960,0.3729185462,-0.0002336502
hsa-mir-5687,0.3119018078,0.3119016588,0.0000001490
hsa-mir-5688,0.3706367910,0.3708774745,-0.0002406836
hsa-mir-5681b,0.4375036955,0.4379082620,-0.0004045665
hsa-mir-5689,0.3006920218,0.3007386923,-0.0000466704
hsa-mir-5690,0.3742088377,0.3744500279,-0.0002411902
hsa-mir-5691,0.2999362350,0.2999560833,-0.0000198483
hsa-mir-5692a-1,0.3014960587,0.3014949560,0.0000011027
hsa-mir-5692a-2,0.3600393832,0.3602784574,-0.0002390742
hsa-mir-4666b,0.3644574881,0.3646980226,-0.0002405345
hsa-mir-5693,0.3326769173,0.3326693475,0.0000075698
hsa-mir-5694,0.3181532919,0.3181529641,0.0000003278
hsa-mir-5695,0.3121371865,0.3121371269,0.0000000596
hsa-mir-5696,0.3112212420,0.3114236891,-0.0002024472
hsa-mir-5697,0.3011449277,0.3011471629,-0.0000022352
hsa-mir-5698,0.3295343816,0.3295269012,0.0000074804
hsa-mir-5699,0.2997963428,0.2997963428,0.0000000000
hsa-mir-5700,0.3022515774,0.3022509813,0.0000005960
hsa-mir-5701-1,0.3009200692,0.3009222150,-0.0000021458
hsa-mir-5702,0.3229663372,0.3231908083,-0.0002244711
hsa-mir-5703,0.7136384845,0.7136443257,-0.0000058413
hsa-mir-5692b,0.3010630310,0.3010619879,0.0000010431
hsa-mir-5704,0.7364581823,0.7364382148,0.0000199676
hsa-mir-5705,0.3419626057,0.3421921432,-0.0002295375
hsa-mir-5706,0.3045770526,0.3045762777,0.0000007749
hsa-mir-5707,0.3168049455,0.3168046176,0.0000003278
hsa-mir-5708,0.3028373122,0.3028351963,0.0000021160
hsa-mir-5739,0.3535518050,0.3537897170,-0.0002379119
hsa-mir-5701-2,0.3009200692,0.3009222150,-0.0000021458
hsa-mir-5787,0.4332427382,0.4332274199,0.0000153184
hsa-mir-1199,0.3424668610,0.3424592614,0.0000075996
hsa-mir-6068,0.3002578616,0.3002943099,-0.0000364482
hsa-mir-6069,0.3451777995,0.3454064429,-0.0002286434
hsa-mir-6070,0.4250244200,0.4254238307,-0.0003994107
hsa-mir-6071,0.3080297112,0.3080400229,-0.0000103116
hsa-mir-6072,0.3784441650,0.3784291446,0.0000150204
hsa-mir-6073,0.3857595325,0.3860021234,-0.0002425909
hsa-mir-6074,0.3164562881,0.3166676760,-0.0002113879
hsa-mir-6075,0.3512345254,0.3514656425,-0.0002311170
hsa-mir-6076,0.4232474864,0.4232322276,0.0000152588
hsa-mir-6077,0.2996461093,0.2996494472,-0.0000033379
hsa-mir-6078,0.3814812601,0.3814662397,0.0000150204
hsa-mir-6079,0.3009109199,0.3009097278,0.0000011921
hsa-mir-6080,0.3080518842,0.3082386851,-0.0001868010
hsa-mir-6081,0.3558042049,0.3557965159,0.0000076890
hsa-mir-6082,0.3009158671,0.3009179831,-0.0000021160
hsa-mir-6083,0.3036026955,0.3035994172,0.0000032783
hsa-mir-6084,0.3460829258,0.3460752666,0.0000076592
hsa-mir-6085,0.3514298201,0.3516601622,-0.0002303421
hsa-mir-6086,0.5157774687,0.5162292719,-0.0004518032
hsa-mir-6088,0.4222719669,0.4226405323,-0.0003685653
hsa-mir-6089-1,0.5390204191,0.5394696593,-0.0004492402
hsa-mir-6090,0.3549853563,0.3552157283,-0.0002303720
hsa-mir-6124,0.3611831665,0.3611683547,0.0000148118
hsa-mir-6125,0.4732678533,0.4737245739,-0.0004567206
hsa-mir-6126,0.3448494077,0.3448417783,0.0000076294
hsa-mir-6127,0.3004051149,0.3004075885,-0.0000024736
hsa-mir-6128,0.3019536436,0.3019456565,0.0000079870
hsa-mir-378j,0.3459023535,0.3458755910,0.0000267625
hsa-mir-6129,0.3548215330,0.3548066914,0.0000148416
hsa-mir-6130,0.3408330977,0.3410573006,-0.0002242029
hsa-mir-6131,0.3021491468,0.3022533953,-0.0001042485
hsa-mir-6132,0.3167456388,0.3169558048,-0.0002101660
hsa-mir-6133,0.3017721474,0.3017741740,-0.0000020266
hsa-mir-6134,0.3260165453,0.3262424767,-0.0002259314
hsa-mir-6165,0.3069041371,0.3069159687,-0.0000118315
hsa-mir-6499,0.3054053783,0.3054127693,-0.0000073910
hsa-mir-548ay,0.3159287274,0.3159283996,0.0000003278
hsa-mir-6500,0.3077995777,0.3079863787,-0.0001868010
hsa-mir-548az,0.3261546493,0.3261402249,0.0000144243
hsa-mir-6501,0.3003208339,0.3003211021,-0.0000002682
hsa-mir-6502,0.3043165207,0.3043163419,0.0000001788
hsa-mir-6503,0.3002094030,0.3002095222,-0.0000001192
hsa-mir-6504,0.6195635796,0.6199562550,-0.0003926754
hsa-mir-6505,0.3327853382,0.3327778578,0.0000074804
hsa-mir-6506,0.3024608195,0.3026055098,-0.0001446903
hsa-mir-6507,0.3362194896,0.3362048864,0.0000146031
hsa-mir-6508,0.3358729780,0.3360989988,-0.0002260208
hsa-mir-6509,0.3013404310,0.3013366461,0.0000037849
hsa-mir-6510,0.3023542166,0.3023557961,-0.0000015795
hsa-mir-6511a-1,0.3012308180,0.3012666702,-0.0000358522
hsa-mir-6512,0.3202815652,0.3204940557,-0.0002124906
hsa-mir-6513,0.3131736219,0.3131769598,-0.0000033379
hsa-mir-6514,0.3069075048,0.3069104850,-0.0000029802
hsa-mir-6515,0.3190791309,0.3192912042,-0.0002120733
hsa-mir-6715a,0.3260171413,0.3260096610,0.0000074804
hsa-mir-6715b,0.2998150885,0.2998346686,-0.0000195801
hsa-mir-6716,0.3123744130,0.3123742640,0.0000001490
hsa-mir-6717,0.3213914335,0.3213911653,0.0000002682
hsa-mir-6511b-1,0.3007989526,0.3008014560,-0.0000025034
hsa-mir-6718,0.3579112291,0.3581427038,-0.0002314746
hsa-mir-6719,0.3045673966,0.3045671880,0.0000002086
hsa-mir-6720,0.4133429229,0.4133276045,0.0000153184
hsa-mir-6721,0.3268904090,0.3268829286,0.0000074804
hsa-mir-6722,0.3758846521,0.3758696616,0.0000149906
hsa-mir-6724-1,0.3719064593,0.3721408248,-0.0002343655
hsa-mir-892c,0.3005776405,0.3006140888,-0.0000364482
hsa-mir-6726,0.3158322573,0.3158424199,-0.0000101626
hsa-mir-6727,0.3591738045,0.3591589630,0.0000148416
hsa-mir-6728,0.3472163677,0.3474538326,-0.0002374649
hsa-mir-6729,0.4015908837,0.4018681049,-0.0002772212
hsa-mir-6730,0.3550537527,0.3552927673,-0.0002390146
hsa-mir-6731,0.3604556620,0.3606947362,-0.0002390742
hsa-mir-6732,0.4405201375,0.4409314990,-0.0004113615
hsa-mir-6733,0.3051667511,0.3053326607,-0.0001659095
hsa-mir-6734,0.3411724567,0.3414002657,-0.0002278090
hsa-mir-6735,0.3282625675,0.3282551169,0.0000074506
hsa-mir-6736,0.3572065234,0.3574379683,-0.0002314448
hsa-mir-6737,0.3754008412,0.3756421804,-0.0002413392
hsa-mir-6738,0.3211373985,0.3211370409,0.0000003576
hsa-mir-6739,0.3015386164,0.3015369177,0.0000016987
hsa-mir-6740,0.3275320232,0.3275057375,0.0000262856
hsa-mir-6741,0.3256601095,0.3258859217,-0.0002258122
hsa-mir-6742,0.3459497690,0.3459421992,0.0000075698
hsa-mir-6743,0.3010709286,0.3011110425,-0.0000401139
hsa-mir-6744,0.3002099097,0.3002386391,-0.0000287294
hsa-mir-6745,0.3009038568,0.3009063900,-0.0000025332
hsa-mir-6746,0.3320526183,0.3320450485,0.0000075698
hsa-mir-6747,0.3598698676,0.3601097465,-0.0002398789
hsa-mir-6748,0.3342807591,0.3345155418,-0.0002347827
hsa-mir-6749,0.3012899160,0.3012921214,-0.0000022054
hsa-mir-6750,0.3068832755,0.3068950772,-0.0000118017
hsa-mir-6751,0.3515625298,0.3515477777,0.0000147521
hsa-mir-6752,0.3017694652,0.3017690778,0.0000003874
hsa-mir-6753,0.3582666814,0.3585005701,-0.0002338886
hsa-mir-6754,0.4013232887,0.4015846848,-0.0002613962
hsa-mir-6755,0.4084981382,0.4087915123,-0.0002933741
hsa-mir-6756,0.3026179075,0.3027562201,-0.0001383126
hsa-mir-6757,0.3189329505,0.3191450536,-0.0002121031
hsa-mir-6758,0.3842552900,0.3844977319,-0.0002424419
hsa-mir-6759,0.2999406159,0.2999552190,-0.0000146031
hsa-mir-6760,0.4214874506,0.4218950272,-0.0004075766
hsa-mir-6761,0.3045761287,0.3045812845,-0.0000051558
hsa-mir-6762,0.3493247628,0.3493150473,0.0000097156
hsa-mir-6763,0.3103256822,0.3105210662,-0.0001953840
hsa-mir-6764,0.3593274355,0.3595664203,-0.0002389848
hsa-mir-6765,0.3000707924,0.3000707328,0.0000000596
hsa-mir-6766,0.3171720207,0.3173849285,-0.0002129078
hsa-mir-6767,0.3538617790,0.3541004956,-0.0002387166
hsa-mir-6768,0.3002450466,0.3002455235,-0.0000004768
hsa-mir-6769a,0.3526304364,0.3528689742,-0.0002385378
hsa-mir-6770-1,0.3873583674,0.3875924051,-0.0002340376
hsa-mir-6771,0.4157027006,0.4160708785,-0.0003681779
hsa-mir-6772,0.4121898115,0.4125577211,-0.0003679097
hsa-mir-6773,0.3311835229,0.3311689794,0.0000145435
hsa-mir-6774,0.3013533950,0.3013555408,-0.0000021458
hsa-mir-6775,0.3069446981,0.3071170747,-0.0001723766
hsa-mir-6776,0.3114103973,0.3116060197,-0.0001956224
hsa-mir-6777,0.3022378683,0.3023434579,-0.0001055896
hsa-mir-6778,0.2999113500,0.2999139726,-0.0000026226
hsa-mir-6779,0.4534762800,0.4539189637,-0.0004426837
hsa-mir-6780a,0.3113063574,0.3113062978,0.0000000596
hsa-mir-6781,0.3399406374,0.3399330080,0.0000076294
hsa-mir-6782,0.2999674976,0.2999678850,-0.0000003874
hsa-mir-6783,0.4594787061,0.4599199891,-0.0004412830
hsa-mir-6784,0.3410833478,0.3413124979,-0.0002291501
hsa-mir-6785,0.3016876280,0.3017729521,-0.0000853240
hsa-mir-6786,0.3053687513,0.3053806126,-0.0000118613
hsa-mir-6787,0.3048797846,0.3048839867,-0.0000042021
hsa-mir-6788,0.3029351234,0.3029329777,0.0000021458
hsa-mir-6789,0.4263452590,0.4263300002,0.0000152588
hsa-mir-6790,0.3395726383,0.3395650089,0.0000076294
hsa-mir-6791,0.3270373046,0.3270297945,0.0000075102
hsa-mir-6792,0.3003112972,0.3003116846,-0.0000003874
hsa-mir-6793,0.3083784878,0.3085733950,-0.0001949072
hsa-mir-6794,0.3649131656,0.3649053872,0.0000077784
hsa-mir-6795,0.3427774608,0.3430140913,-0.0002366304
hsa-mir-6796,0.3321956396,0.3324216008,-0.0002259612
hsa-mir-6797,0.3587368429,0.3587220013,0.0000148416
hsa-mir-6798,0.3218512833,0.3220653832,-0.0002140999
hsa-mir-6799,0.3930972815,0.3930821717,0.0000151098
hsa-mir-6800,0.3045678437,0.3047231436,-0.0001552999
hsa-mir-6801,0.3000794351,0.3001119494,-0.0000325143
hsa-mir-6802,0.3910195231,0.3912627995,-0.0002432764
hsa-mir-6803,0.3006906509,0.3006933331,-0.0000026822
hsa-mir-6804,0.3827040195,0.3826889098,0.0000151098
hsa-mir-6805,0.4230963588,0.4234607220,-0.0003643632
hsa-mir-6806,0.3271448314,0.3271373808,0.0000074506
hsa-mir-6807,0.2995400131,0.2995401323,-0.0000001192
hsa-mir-6808,0.3298569024,0.3298494518,0.0000074506
hsa-mir-6809,0.3609274626,0.3609125614,0.0000149012
hsa-mir-6810,0.3597308695,0.3597231209,0.0000077486
hsa-mir-6811,0.3004267514,0.3004631996,-0.0000364482
hsa-mir-6812,0.3029828966,0.3029841483,-0.0000012517
hsa-mir-6813,0.5009009242,0.5013532043,-0.0004522800
hsa-mir-6814,0.4227780402,0.4231467545,-0.0003687143
hsa-mir-6815,0.4071937203,0.4074896574,-0.0002959371
hsa-mir-6816,0.3973991275,0.3973839581,0.0000151694
hsa-mir-6817,0.3678200245,0.3680603802,-0.0002403557
hsa-mir-6818,0.3292464018,0.3294801116,-0.0002337098
hsa-mir-6819,0.4195383787,0.4199026227,-0.0003642440
hsa-mir-6820,0.3187983334,0.3187980652,0.0000002682
hsa-mir-6821,0.3373807669,0.3376091719,-0.0002284050
hsa-mir-6822,0.3194544315,0.3194541037,0.0000003278
hsa-mir-6823,0.3017237484,0.3017229736,0.0000007749
hsa-mir-6824,0.3027273118,0.3027271628,0.0000001490
hsa-mir-6825,0.3052057326,0.3052191138,-0.0000133812
hsa-mir-6826,0.3683425486,0.3683275878,0.0000149608
hsa-mir-6827,0.3139134943,0.3141153157,-0.0002018213
hsa-mir-6828,0.7200874090,0.7200862169,0.0000011921
hsa-mir-6829,0.3428480923,0.3430776298,-0.0002295375
hsa-mir-6830,0.4069744945,0.4072703123,-0.0002958179
hsa-mir-6831,0.3010916710,0.3010938466,-0.0000021756
hsa-mir-6832,0.3035671115,0.3035660684,0.0000010431
hsa-mir-6833,0.5308218598,0.5312696099,-0.0004477501
hsa-mir-6834,0.3769507110,0.3769356310,0.0000150800
hsa-mir-6835,0.2997548878,0.2997553647,-0.0000004768
hsa-mir-6780b,0.3261523545,0.3261448443,0.0000075102
hsa-mir-6836,0.3090503514,0.3090606928,-0.0000103414
hsa-mir-6837,0.3112135231,0.3112133741,0.0000001490
hsa-mir-6838,0.3126198947,0.3126197755,0.0000001192
hsa-mir-6839,0.3035149574,0.3036716878,-0.0001567304
hsa-mir-6840,0.3883704245,0.3886133432,-0.0002429187
hsa-mir-6841,0.3029628694,0.3029593527,0.0000035167
hsa-mir-6842,0.3294334412,0.3294259906,0.0000074506
hsa-mir-6843,0.3000177741,0.3000310957,-0.0000133216
hsa-mir-6844,0.4157364666,0.4161013961,-0.0003649294
hsa-mir-6845,0.4672381580,0.4677009583,-0.0004628003
hsa-mir-6846,0.3060986996,0.3062647879,-0.0001660883
hsa-mir-6847,0.3085554540,0.3085606098,-0.0000051558
hsa-mir-6848,0.3394488692,0.3394413590,0.0000075102
hsa-mir-6849,0.3413417637,0.3413341045,0.0000076592
hsa-mir-6850,0.3106213212,0.3108167648,-0.0001954436
hsa-mir-6851,0.3018661439,0.3019383252,-0.0000721812
hsa-mir-6852,0.5648792982,0.5653031468,-0.0004238486
hsa-mir-6853,0.3511554003,0.3513928652,-0.0002374649
hsa-mir-6854,0.3389133215,0.3391412497,-0.0002279282
hsa-mir-6855,0.3386107981,0.3386031687,0.0000076294
hsa-mir-6856,0.3200373948,0.3200370669,0.0000003278
hsa-mir-6857,0.3808503747,0.3810924590,-0.0002420843
hsa-mir-6858,0.3015826046,0.3015849590,-0.0000023544
hsa-mir-6859-1,0.3179052174,0.3179048300,0.0000003874
hsa-mir-6769b,0.3000468314,0.3000490665,-0.0000022352
hsa-mir-6860,0.3410165310,0.3412435651,-0.0002270341
hsa-mir-6861,0.3937182426,0.3939617574,-0.0002435148
hsa-mir-6862-1,0.3008272052,0.3008636832,-0.0000364780
hsa-mir-6863,0.3064783216,0.3064812124,-0.0000028908
hsa-mir-6864,0.3008180559,0.3008179367,0.0000001192
hsa-mir-6865,0.3486623764,0.3486546874,0.0000076890
hsa-mir-6866,0.2993590534,0.2993788719,-0.0000198185
hsa-mir-6867,0.3388481438,0.3390840590,-0.0002359152
hsa-mir-6868,0.4475249052,0.4479453564,-0.0004204512
hsa-mir-6869,0.3828043342,0.3827964962,0.0000078380
hsa-mir-6870,0.4276169837,0.4280076921,-0.0003907084
hsa-mir-6871,0.3014184237,0.3014893830,-0.0000709593
hsa-mir-6872,0.3450297415,0.3452584147,-0.0002286732
hsa-mir-6873,0.3010475338,0.3010496795,-0.0000021458
hsa-mir-6874,0.3542461693,0.3544842303,-0.0002380610
hsa-mir-6875,0.3011080325,0.3011101782,-0.0000021458
hsa-mir-6876,0.3535211086,0.3535063863,0.0000147223
hsa-mir-6877,0.3607369661,0.3609768748,-0.0002399087
hsa-mir-6878,0.3550966084,0.3553348184,-0.0002382100
hsa-mir-6879,0.3452976942,0.3452901542,0.0000075400
hsa-mir-6880,0.3027739525,0.3029122949,-0.0001383424
hsa-mir-6881,0.3001945615,0.3001950085,-0.0000004470
hsa-mir-6882,0.4057883918,0.4060840011,-0.0002956092
hsa-mir-6883,0.3737678528,0.3737528324,0.0000150204
hsa-mir-6884,0.2999685407,0.3000011444,-0.0000326037
hsa-mir-6885,0.4082860351,0.4085819423,-0.0002959073
hsa-mir-6886,0.3170813918,0.3170810640,0.0000003278
hsa-mir-6887,0.3293052316,0.3292976320,0.0000075996
hsa-mir-6888,0.3401210904,0.3403572440,-0.0002361536
hsa-mir-6889,0.3096019328,0.3097971678,-0.0001952350
hsa-mir-6890,0.3028496504,0.3028494418,0.0000002086
hsa-mir-6891,0.3531427979,0.3531279862,0.0000148118
hsa-mir-6892,0.3682033122,0.3681761622,0.0000271499
hsa-mir-6893,0.3023521900,0.3023515344,0.0000006557
hsa-mir-6894,0.3672612309,0.3675014079,-0.0002401769
hsa-mir-6895,0.3005314767,0.3005319536,-0.0000004768
hsa-mir-7106,0.3013243377,0.3013264239,-0.0000020862
hsa-mir-7107,0.3574684858,0.3574536741,0.0000148118
hsa-mir-7108,0.3016382456,0.3016767502,-0.0000385046
hsa-mir-7109,0.4090983570,0.4094342887,-0.0003359318
hsa-mir-7110,0.4237564802,0.4237411916,0.0000152886
hsa-mir-7111,0.4248408675,0.4252143204,-0.0003734529
hsa-mir-7112,0.3006964624,0.3007326126,-0.0000361502
hsa-mir-7113,0.3389699459,0.3392058313,-0.0002358854
hsa-mir-7114,0.3257873952,0.3260119855,-0.0002245903
hsa-mir-6511b-2,0.3182070851,0.3182174563,-0.0000103712
hsa-mir-3690-2,0.2999783456,0.2999784648,-0.0000001192
hsa-mir-6089-2,0.5390204191,0.5394696593,-0.0004492402
hsa-mir-6511a-2,0.3012308180,0.3012666702,-0.0000358522
hsa-mir-6511a-3,0.3012308180,0.3012666702,-0.0000358522
hsa-mir-6511a-4,0.3012308180,0.3012666702,-0.0000358522
hsa-mir-7150,0.4118867815,0.4122461379,-0.0003593564
hsa-mir-7151,0.4197995663,0.4201512337,-0.0003516674
hsa-mir-7152,0.4587622285,0.4591871202,-0.0004248917
hsa-mir-7153,0.3017636538,0.3017657995,-0.0000021458
hsa-mir-7154,0.3027684391,0.3027701378,-0.0000016987
hsa-mir-7155,0.3037175238,0.3037172854,0.0000002384
hsa-mir-7156,0.3779332936,0.3781748712,-0.0002415776
hsa-mir-7157,0.4709943235,0.4714197516,-0.0004254282
hsa-mir-7158,0.5108410716,0.5112940669,-0.0004529953
hsa-mir-7161,0.3280002773,0.3282253444,-0.0002250671
hsa-mir-7159,0.3169092238,0.3171208501,-0.0002116263
hsa-mir-7160,0.7998658419,0.7998715043,-0.0000056624
hsa-mir-486-2,0.3122306466,0.3124321103,-0.0002014637
hsa-mir-7162,0.3743130565,0.3745469749,-0.0002339184
hsa-mir-7515,0.4142097533,0.4145538211,-0.0003440678
hsa-mir-7702,0.3715295494,0.3717630506,-0.0002335012
hsa-mir-7703,0.3756103516,0.3755953014,0.0000150502
hsa-mir-7704,0.3004964590,0.3005081713,-0.0000117123
hsa-mir-7705,0.4679137468,0.4683481455,-0.0004343987
hsa-mir-7706,0.3141884804,0.3143903017,-0.0002018213
hsa-mir-7843,0.3001216054,0.3001219928,-0.0000003874
hsa-mir-4433b,0.4994853437,0.4998598099,-0.0003744662
hsa-mir-1273h,0.3686014116,0.3685864806,0.0000149310
hsa-mir-6516,0.3031930923,0.3031879067,0.0000051856
hsa-mir-7844,0.3526391387,0.3526244164,0.0000147223
hsa-mir-7845,0.3137305975,0.3137408197,-0.0000102222
hsa-mir-7846,0.3697332740,0.3699665666,-0.0002332926
hsa-mir-7847,0.3007359505,0.3007725477,-0.0000365973
hsa-mir-7848,0.3019505143,0.3019503057,0.0000002086
hsa-mir-7849,0.3567778766,0.3570163846,-0.0002385080
hsa-mir-7850,0.2997786403,0.2997785807,0.0000000596
hsa-mir-7851,0.2999898493,0.2999946773,-0.0000048280
hsa-mir-7852,0.3074707687,0.3074706197,0.0000001490
hsa-mir-7853,0.3005563319,0.3005555272,0.0000008047
hsa-mir-7854,0.3708806634,0.3711141050,-0.0002334416
hsa-mir-7855,0.3618402183,0.3620723188,-0.0002321005
hsa-mir-7856,0.3878954947,0.3881383836,-0.0002428889
hsa-mir-548ba,0.4763872623,0.4767952859,-0.0004080236
hsa-mir-7973-1,0.3023351431,0.3023367226,-0.0000015795
hsa-mir-7973-2,0.3754386604,0.3756727278,-0.0002340674
hsa-mir-7974,0.3285309672,0.3285234571,0.0000075102
hsa-mir-7975,0.3165348768,0.3167373240,-0.0002024472
hsa-mir-7976,0.6080275178,0.6083678007,-0.0003402829
hsa-mir-7977,0.4538832307,0.4543145895,-0.0004313588
hsa-mir-7978,0.3127287626,0.3129303157,-0.0002015531
hsa-mir-8052,0.3645866811,0.3645717800,0.0000149012
hsa-mir-8053,0.3718983233,0.3721392155,-0.0002408922
hsa-mir-8054,0.3209673166,0.3209598660,0.0000074506
hsa-mir-8055,0.4006426930,0.4008789659,-0.0002362728
hsa-mir-8056,0.3021875322,0.3021868765,0.0000006557
hsa-mir-8057,0.3845152259,0.3847578168,-0.0002425909
hsa-mir-8058,0.2992466092,0.2992498875,-0.0000032783
hsa-mir-8059,0.4001734853,0.4001583457,0.0000151396
hsa-mir-8060,0.4505824745,0.4510053992,-0.0004229248
hsa-mir-8061,0.2998129725,0.2998129129,0.0000000596
hsa-mir-8062,0.3695116341,0.3694967926,0.0000148416
hsa-mir-8063,0.3360132575,0.3362406194,-0.0002273619
hsa-mir-8064,0.3033522964,0.3033534288,-0.0000011325
hsa-mir-8065,0.3733295202,0.3735705018,-0.0002409816
hsa-mir-8066,0.3179165125,0.3181296885,-0.0002131760
hsa-mir-8067,0.3353492320,0.3355835676,-0.0002343357
hsa-mir-8068,0.3003368974,0.3003371656,-0.0000002682
hsa-mir-8069-1,0.3136689663,0.3136688471,0.0000001192
hsa-mir-8070,0.3032368124,0.3033871651,-0.0001503527
hsa-mir-8071-1,0.3260180950,0.3262426257,-0.0002245307
hsa-mir-8072,0.3898412883,0.3898261786,0.0000151098
hsa-mir-8073,0.3300122619,0.3300047219,0.0000075400
hsa-mir-8074,0.2993325591,0.2993466556,-0.0000140965
hsa-mir-8075,0.3269842565,0.3272104859,-0.0002262294
hsa-mir-8076,0.3280594647,0.3280450702,0.0000143945
hsa-mir-8077,0.3157491684,0.3159513772,-0.0002022088
hsa-mir-8078,0.3086321354,0.3088271320,-0.0001949966
hsa-mir-8079,0.3007574379,0.3007989526,-0.0000415146
hsa-mir-8080,0.5525123477,0.5529389977,-0.0004266500
hsa-mir-8081,0.3639824390,0.3639675379,0.0000149012
hsa-mir-8082,0.3286526799,0.3286451399,0.0000075400
hsa-mir-8083,0.4562429786,0.4562276602,0.0000153184
hsa-mir-8084,0.3010464907,0.3010452390,0.0000012517
hsa-mir-8085,0.3354735076,0.3354659677,0.0000075400
hsa-mir-8086,0.2993675172,0.2993706465,-0.0000031292
hsa-mir-8087,0.3074080944,0.3074132502,-0.0000051558
hsa-mir-8088,0.3931567669,0.3931416869,0.0000150800
hsa-mir-8089,0.3934482634,0.3936843574,-0.0002360940
hsa-mir-6862-2,0.3008272052,0.3008636832,-0.0000364780
hsa-mir-8071-2,0.3260180950,0.3262426257,-0.0002245307
hsa-mir-6770-2,0.3873583674,0.3875924051,-0.0002340376
hsa-mir-6770-3,0.3873583674,0.3875924051,-0.0002340376
hsa-mir-6859-2,0.3179052174,0.3179048300,0.0000003874
hsa-mir-6859-3,0.3179052174,0.3179048300,0.0000003874
hsa-mir-8485,0.3095591366,0.3095536232,0.0000055134
hsa-mir-9500,0.3106839955,0.3108794987,-0.0001955032
hsa-mir-548bb,0.3002507985,0.3002510667,-0.0000002682
hsa-mir-9718,0.4306758642,0.4310667217,-0.0003908575
hsa-mir-3179-4,0.7416777015,0.7416691780,0.0000085235
hsa-mir-1244-4,0.2997539043,0.2997485697,0.0000053346
hsa-mir-3648-2,0.3180729449,0.3180978894,-0.0000249445
hsa-mir-3670-3,0.3045827150,0.3045839071,-0.0000011921
hsa-mir-3670-4,0.3045827150,0.3045839071,-0.0000011921
hsa-mir-6724-2,0.3719064593,0.3721408248,-0.0002343655
hsa-mir-6724-3,0.3719064593,0.3721408248,-0.0002343655
hsa-mir-6724-4,0.3719064593,0.3721408248,-0.0002343655
hsa-mir-8069-2,0.3136689663,0.3136688471,0.0000001192
hsa-mir-941-5,0.3123473525,0.3123470843,0.0000002682
hsa-mir-6859-4,0.3179052174,0.3179048300,0.0000003874
hsa-mir-5701-3,0.3009200692,0.3009222150,-0.0000021458
hsa-mir-9898,0.3126037121,0.3126139045,-0.0000101924
hsa-mir-9899,0.4760175049,0.4764736593,-0.0004561543
hsa-mir-9900,0.3374016881,0.3376300931,-0.0002284050
hsa-mir-9901,0.3353366554,0.3353290856,0.0000075698
hsa-mir-9902-1,0.2988517582,0.2988522053,-0.0000004470
hsa-mir-9903,0.3010284305,0.3011086881,-0.0000802577
hsa-mir-9985,0.3014412224,0.3015492857,-0.0001080632
hsa-mir-1843,0.3276245296,0.3276101947,0.0000143349
hsa-mir-548bc,0.3183702528,0.3183627725,0.0000074804
hsa-mir-9986,0.3059175014,0.3060961366,-0.0001786351
hsa-mir-10226,0.3712083697,0.3711934090,0.0000149608
hsa-mir-10392,0.6300134063,0.6302307844,-0.0002173781
hsa-mir-10393,0.6196445823,0.6200501919,-0.0004056096
hsa-mir-10394,0.3991702497,0.3994247019,-0.0002544522
hsa-mir-10395,0.3251903951,0.3251830041,0.0000073910
hsa-mir-10396a,0.4016421735,0.4019194245,-0.0002772510
hsa-mir-10397,0.3036819398,0.3036798239,0.0000021160
hsa-mir-10398,0.5628324747,0.5632712245,-0.0004387498
hsa-mir-10399,0.3009880781,0.3010499477,-0.0000618696
hsa-mir-10400,0.4284250438,0.4288328886,-0.0004078448
hsa-mir-10401,0.3450490832,0.3452776670,-0.0002285838
hsa-mir-10396b,0.3441309631,0.3443593979,-0.0002284348
hsa-mir-10522,0.3796257079,0.3798675537,-0.0002418458
hsa-mir-10523,0.3741009831,0.3743422031,-0.0002412200
hsa-mir-9983,0.3251549304,0.3253805637,-0.0002256334
hsa-mir-10524,0.3948125243,0.3950561285,-0.0002436042
hsa-mir-10525,0.3162413239,0.3162409663,0.0000003576
hsa-mir-10526,0.7053164840,0.7052976489,0.0000188351
hsa-mir-10527,0.4056629539,0.4059585929,-0.0002956390
hsa-mir-11181,0.3912159801,0.3914591670,-0.0002431870
hsa-mir-11399,0.3014726341,0.3014748693,-0.0000022352
hsa-mir-11400,0.3117396533,0.3117429614,-0.0000033081
hsa-mir-11401,0.3458640873,0.3460920453,-0.0002279580
hsa-mir-3059,0.3385867178,0.3388154805,-0.0002287626
hsa-mir-3085,0.3693749011,0.3696081042,-0.0002332032
hsa-mir-6529,0.3811644316,0.3811494112,0.0000150204
hsa-mir-9851,0.3002193272,0.3002558947,-0.0000365674
hsa-mir-12113,0.3007146418,0.3007552922,-0.0000406504
hsa-mir-12114,0.3367037177,0.3366961777,0.0000075400
hsa-mir-12115,0.3140910566,0.3140907288,0.0000003278
hsa-mir-12116,0.4358091056,0.4362252057,-0.0004161000
hsa-mir-12117,0.3783098459,0.3782947958,0.0000150502
hsa-mir-12118,0.3595837355,0.3595689237,0.0000148118
hsa-mir-12119,0.3256812692,0.3256550729,0.0000261962
hsa-mir-12120,0.3150679171,0.3150621355,0.0000057817
hsa-mir-12121,0.4294121861,0.4298115969,-0.0003994107
hsa-mir-12122,0.4228546917,0.4228394330,0.0000152588
hsa-mir-12123,0.3148188889,0.3150221407,-0.0002032518
hsa-mir-12124,0.3955592215,0.3958201706,-0.0002609491
hsa-mir-12125,0.4430296421,0.4434007406,-0.0003710985
hsa-mir-12126,0.3878460526,0.3878309727,0.0000150800
hsa-mir-12127,0.3009110391,0.3009135127,-0.0000024736
hsa-mir-12128,0.3296856880,0.3299124241,-0.0002267361
hsa-mir-12129,0.3514846563,0.3517136872,-0.0002290308
hsa-mir-12130,0.3795859218,0.3798277974,-0.0002418756
hsa-mir-12131,0.3180394769,0.3182526827,-0.0002132058
hsa-mir-12132,0.2983314097,0.2983376086,-0.0000061989
hsa-mir-12133,0.3140116930,0.3140113056,0.0000003874
hsa-mir-12135,0.4033762515,0.4036412835,-0.0002650321
hsa-mir-12136,0.3933878541,0.3936312497,-0.0002433956
hsa-mir-9902-2,0.2988517582,0.2988522053,-0.0000004470